StudyHours,Attendance,LearningStyle,ParentalSupport,PrerequisiteScore,QuizScore,Extracurricular,FinalGrade
6.2,85.9,Visual,Medium,57.7,49.8,Yes,Medium_Risk_Borderline
4.4,78.2,Auditory,Medium,46.3,39.0,No,High_Risk_Fail
4.2,95.6,Reading,Medium,62.4,48.1,No,Medium_Risk_Borderline
4.2,75.5,Auditory,Medium,51.2,38.5,No,High_Risk_Fail
10.3,65.8,Kinesthetic,Low,62.1,71.6,No,Medium_Risk_Borderline
7.1,93.4,Visual,Medium,65.8,69.1,Yes,Medium_Risk_Borderline
3.6,57.0,Visual,Low,46.0,41.2,No,High_Risk_Fail
6.4,77.4,Visual,Medium,62.6,57.4,No,Medium_Risk_Borderline
5.4,92.4,Visual,Low,65.8,49.8,No,Medium_Risk_Borderline
1.3,54.3,Visual,Medium,30.6,25.4,No,High_Risk_Fail
2.5,88.9,Visual,Low,59.8,56.3,No,High_Risk_Fail
5.6,97.6,Kinesthetic,Medium,66.1,54.2,No,Medium_Risk_Borderline
9.8,83.3,Visual,High,74.3,71.7,No,Low_Risk_Pass
4.2,97.8,Auditory,Low,50.7,39.7,No,High_Risk_Fail
3.4,96.5,Auditory,Medium,55.9,40.8,No,High_Risk_Fail
5.1,83.7,Auditory,Low,36.9,21.0,No,High_Risk_Fail
3.3,96.1,Auditory,Medium,51.8,43.4,No,High_Risk_Fail
4.0,80.5,Visual,Medium,48.6,36.1,No,High_Risk_Fail
4.7,69.1,Visual,Medium,37.9,27.2,Yes,High_Risk_Fail
2.4,56.1,Kinesthetic,Medium,25.8,27.2,Yes,High_Risk_Fail
7.3,89.7,Reading,High,75.2,60.5,Yes,Low_Risk_Pass
2.2,86.0,Visual,Medium,46.1,32.2,No,High_Risk_Fail
2.0,92.8,Visual,Medium,46.9,42.9,No,High_Risk_Fail
5.3,88.1,Reading,Medium,61.5,44.3,No,Medium_Risk_Borderline
7.0,54.7,Visual,High,54.1,44.3,Yes,Medium_Risk_Borderline
5.2,68.2,Auditory,High,60.6,53.6,Yes,Medium_Risk_Borderline
4.4,86.6,Auditory,Medium,55.4,53.3,Yes,Medium_Risk_Borderline
4.0,97.9,Visual,High,45.5,29.9,Yes,High_Risk_Fail
3.6,98.0,Auditory,Medium,68.4,54.3,No,Medium_Risk_Borderline
8.2,84.6,Auditory,High,73.7,72.3,Yes,Low_Risk_Pass
5.7,79.0,Visual,High,52.5,36.2,No,Medium_Risk_Borderline
3.8,60.0,Auditory,Low,31.1,34.9,No,High_Risk_Fail
3.2,81.8,Kinesthetic,Medium,50.3,45.0,No,High_Risk_Fail
6.6,72.5,Auditory,Medium,57.8,52.6,No,Medium_Risk_Borderline
8.1,95.8,Visual,Medium,87.4,84.3,Yes,Low_Risk_Pass
7.7,68.2,Auditory,Medium,59.2,65.4,Yes,Medium_Risk_Borderline
2.8,74.4,Kinesthetic,Medium,35.7,30.4,No,High_Risk_Fail
4.0,94.3,Kinesthetic,Low,62.9,47.0,No,High_Risk_Fail
3.6,59.0,Kinesthetic,Low,47.2,33.3,Yes,High_Risk_Fail
4.3,87.2,Visual,Medium,55.6,46.0,Yes,Medium_Risk_Borderline
7.3,74.8,Kinesthetic,Low,68.2,66.2,Yes,Medium_Risk_Borderline
9.4,87.2,Kinesthetic,Low,76.9,72.4,Yes,Low_Risk_Pass
5.8,93.7,Visual,Low,65.5,43.5,No,Medium_Risk_Borderline
3.2,77.0,Auditory,Medium,54.5,49.9,No,High_Risk_Fail
4.7,70.3,Visual,Medium,54.3,47.8,Yes,Medium_Risk_Borderline
10.3,55.2,Kinesthetic,Low,67.1,68.9,No,Medium_Risk_Borderline
5.0,89.3,Visual,High,69.0,61.5,No,Medium_Risk_Borderline
4.0,65.0,Auditory,Medium,25.1,36.2,Yes,High_Risk_Fail
4.2,95.7,Reading,Medium,73.6,39.9,No,Medium_Risk_Borderline
5.8,74.0,Kinesthetic,Medium,42.1,45.3,No,High_Risk_Fail
2.9,85.3,Reading,Medium,42.2,25.5,No,High_Risk_Fail
3.5,52.9,Reading,Medium,36.6,35.5,No,High_Risk_Fail
7.6,79.0,Visual,Low,64.6,62.3,No,Medium_Risk_Borderline
5.7,89.7,Kinesthetic,Low,69.6,62.7,Yes,Medium_Risk_Borderline
5.0,73.1,Auditory,High,43.3,38.0,No,High_Risk_Fail
7.8,71.2,Reading,Medium,65.7,51.6,No,Medium_Risk_Borderline
3.1,74.1,Visual,Medium,39.0,30.0,Yes,High_Risk_Fail
3.9,73.5,Reading,High,49.3,43.7,No,Medium_Risk_Borderline
5.6,82.3,Kinesthetic,Medium,57.6,57.5,No,Medium_Risk_Borderline
5.5,79.2,Kinesthetic,Medium,57.2,43.8,Yes,Medium_Risk_Borderline
1.9,41.6,Visual,Medium,20.8,24.3,No,High_Risk_Fail
3.7,87.6,Visual,Low,47.6,35.8,Yes,High_Risk_Fail
4.3,79.0,Kinesthetic,Medium,53.2,47.0,No,Medium_Risk_Borderline
5.9,83.6,Visual,Medium,67.5,55.1,Yes,Medium_Risk_Borderline
5.5,75.6,Kinesthetic,High,50.2,47.7,No,Medium_Risk_Borderline
4.6,90.4,Visual,High,49.9,49.1,Yes,Medium_Risk_Borderline
1.2,53.3,Kinesthetic,High,31.6,15.2,Yes,High_Risk_Fail
4.7,94.9,Auditory,High,58.8,45.3,Yes,Medium_Risk_Borderline
4.9,85.6,Kinesthetic,Medium,62.9,53.5,No,Medium_Risk_Borderline
14.0,69.8,Kinesthetic,Medium,83.7,100.0,No,Mastery_Distinction
4.3,73.6,Visual,Medium,34.6,28.5,No,High_Risk_Fail
5.6,82.6,Visual,Medium,54.0,61.4,No,Medium_Risk_Borderline
8.5,89.2,Visual,High,67.8,78.2,No,Low_Risk_Pass
7.1,80.1,Auditory,Low,63.4,58.8,Yes,Medium_Risk_Borderline
9.6,94.1,Auditory,High,75.7,72.4,No,Low_Risk_Pass
1.9,80.4,Kinesthetic,High,46.6,29.5,Yes,High_Risk_Fail
2.6,80.0,Auditory,High,41.4,32.2,No,High_Risk_Fail
3.4,56.3,Auditory,High,39.0,25.2,No,High_Risk_Fail
1.7,93.9,Auditory,Medium,46.5,32.5,Yes,High_Risk_Fail
4.9,84.9,Visual,Low,57.6,58.2,Yes,Medium_Risk_Borderline
2.7,79.2,Visual,Low,43.6,30.6,No,High_Risk_Fail
10.2,72.6,Reading,Medium,79.0,76.6,Yes,Low_Risk_Pass
3.0,58.7,Reading,Medium,30.6,17.2,Yes,High_Risk_Fail
3.9,88.7,Visual,High,64.2,52.5,Yes,Medium_Risk_Borderline
7.3,82.0,Auditory,High,63.8,61.8,No,Low_Risk_Pass
2.2,68.0,Kinesthetic,Medium,26.6,22.9,No,High_Risk_Fail
1.6,74.7,Auditory,Low,38.6,26.7,Yes,High_Risk_Fail
5.3,72.9,Visual,Low,46.2,41.9,Yes,High_Risk_Fail
5.5,84.0,Visual,Low,63.7,57.7,No,Medium_Risk_Borderline
7.2,87.8,Auditory,Medium,85.2,72.5,No,Low_Risk_Pass
6.3,72.6,Reading,Medium,51.1,51.4,Yes,Medium_Risk_Borderline
5.6,77.4,Kinesthetic,Low,58.8,53.4,Yes,Medium_Risk_Borderline
3.2,93.8,Visual,Medium,37.9,39.1,No,High_Risk_Fail
5.4,74.0,Visual,Low,57.5,54.8,No,Medium_Risk_Borderline
5.6,58.6,Kinesthetic,Medium,41.6,42.9,No,High_Risk_Fail
3.1,72.9,Kinesthetic,Medium,38.1,41.3,No,High_Risk_Fail
11.7,58.0,Kinesthetic,Medium,67.0,77.8,Yes,Low_Risk_Pass
6.1,93.9,Kinesthetic,Medium,70.9,68.7,Yes,Medium_Risk_Borderline
2.6,63.7,Visual,High,45.2,38.6,Yes,High_Risk_Fail
7.2,96.9,Kinesthetic,Low,71.3,53.3,Yes,Medium_Risk_Borderline
7.8,55.9,Kinesthetic,Medium,50.5,61.5,No,Medium_Risk_Borderline
5.9,81.8,Visual,Medium,72.0,61.7,No,Medium_Risk_Borderline
4.1,80.6,Kinesthetic,Medium,44.7,38.8,No,High_Risk_Fail
3.0,85.5,Visual,High,30.4,28.9,Yes,High_Risk_Fail
4.5,82.0,Visual,Medium,56.7,45.5,No,Medium_Risk_Borderline
5.7,76.3,Visual,Medium,47.3,46.8,No,Medium_Risk_Borderline
4.8,74.9,Visual,Low,59.5,46.5,Yes,High_Risk_Fail
9.8,88.5,Visual,Medium,76.5,82.9,No,Low_Risk_Pass
6.6,85.6,Auditory,Medium,68.8,60.4,Yes,Medium_Risk_Borderline
2.8,75.2,Auditory,Low,53.9,38.4,Yes,High_Risk_Fail
2.4,91.6,Auditory,Medium,37.8,24.3,No,High_Risk_Fail
6.2,81.1,Visual,Medium,55.8,53.7,No,Medium_Risk_Borderline
4.2,75.1,Visual,Low,48.3,42.7,Yes,High_Risk_Fail
6.9,90.7,Kinesthetic,Medium,79.6,70.8,Yes,Low_Risk_Pass
6.1,86.8,Auditory,Medium,56.9,46.3,No,Medium_Risk_Borderline
4.6,78.1,Visual,Low,47.2,32.5,No,High_Risk_Fail
2.8,61.4,Reading,Medium,41.0,36.8,No,High_Risk_Fail
1.7,85.2,Kinesthetic,Medium,37.1,36.3,Yes,High_Risk_Fail
5.3,53.4,Reading,Medium,46.4,37.6,Yes,High_Risk_Fail
2.1,71.1,Auditory,Medium,25.5,31.1,Yes,High_Risk_Fail
2.8,79.4,Visual,Medium,62.1,47.4,Yes,Medium_Risk_Borderline
5.2,86.9,Kinesthetic,Medium,47.4,44.0,Yes,High_Risk_Fail
4.9,78.7,Visual,High,51.0,42.9,Yes,Medium_Risk_Borderline
2.3,96.4,Auditory,Medium,48.7,27.8,No,High_Risk_Fail
8.3,59.1,Visual,Low,76.3,76.6,Yes,Medium_Risk_Borderline
8.2,63.2,Kinesthetic,Medium,51.6,50.9,No,Medium_Risk_Borderline
6.3,72.9,Visual,High,73.4,58.3,Yes,Medium_Risk_Borderline
6.3,75.2,Reading,Low,64.5,63.6,No,Medium_Risk_Borderline
6.3,79.0,Reading,High,63.3,45.6,Yes,Medium_Risk_Borderline
14.0,98.7,Auditory,High,94.6,89.6,No,Mastery_Distinction
7.8,72.8,Kinesthetic,Low,68.8,64.6,Yes,Medium_Risk_Borderline
6.7,52.7,Kinesthetic,High,45.4,49.1,No,Medium_Risk_Borderline
3.0,78.3,Kinesthetic,Medium,55.0,44.9,No,High_Risk_Fail
4.1,70.3,Auditory,High,38.8,33.8,No,High_Risk_Fail
14.0,93.5,Kinesthetic,Medium,99.0,100.0,Yes,Mastery_Distinction
1.3,75.6,Auditory,Medium,31.6,21.5,No,High_Risk_Fail
3.6,64.6,Reading,Medium,34.1,29.9,No,High_Risk_Fail
8.3,61.9,Auditory,High,68.0,60.9,Yes,Low_Risk_Pass
3.1,80.0,Auditory,Low,50.2,40.2,No,High_Risk_Fail
6.8,76.1,Kinesthetic,Medium,70.7,66.5,No,Medium_Risk_Borderline
4.9,77.7,Kinesthetic,Low,38.9,45.3,No,High_Risk_Fail
3.2,66.0,Auditory,Medium,49.3,30.2,No,High_Risk_Fail
1.1,83.1,Visual,Medium,58.2,36.7,No,High_Risk_Fail
5.3,93.0,Auditory,Medium,57.4,53.0,No,Medium_Risk_Borderline
2.9,50.5,Reading,Medium,48.4,41.3,Yes,High_Risk_Fail
4.5,62.8,Kinesthetic,Low,43.3,39.5,No,High_Risk_Fail
6.2,74.1,Kinesthetic,Low,46.6,49.8,No,High_Risk_Fail
7.5,92.1,Visual,Low,68.1,58.5,No,Medium_Risk_Borderline
3.6,94.5,Auditory,Medium,62.4,57.6,No,Medium_Risk_Borderline
3.2,66.5,Kinesthetic,High,34.3,36.1,Yes,High_Risk_Fail
2.1,95.6,Kinesthetic,Low,42.9,24.0,Yes,High_Risk_Fail
7.6,95.6,Visual,High,77.2,62.7,Yes,Low_Risk_Pass
13.0,86.8,Reading,Medium,93.2,88.6,Yes,Mastery_Distinction
8.1,78.2,Auditory,Medium,72.4,71.8,Yes,Low_Risk_Pass
9.0,77.3,Visual,Medium,73.3,63.3,No,Low_Risk_Pass
3.1,76.1,Visual,High,48.2,36.2,Yes,High_Risk_Fail
6.0,63.9,Visual,Low,49.1,50.2,No,High_Risk_Fail
7.1,67.5,Auditory,Medium,60.8,57.4,No,Medium_Risk_Borderline
0.5,68.7,Visual,Medium,22.3,16.4,Yes,High_Risk_Fail
2.5,68.2,Visual,Medium,48.8,30.4,Yes,High_Risk_Fail
10.6,55.7,Kinesthetic,High,64.9,74.3,No,Low_Risk_Pass
1.9,94.9,Visual,Low,55.5,35.3,No,High_Risk_Fail
9.7,74.6,Visual,Medium,71.6,70.1,No,Low_Risk_Pass
1.9,61.9,Auditory,Medium,34.9,28.1,No,High_Risk_Fail
2.6,48.8,Auditory,Medium,27.3,24.8,No,High_Risk_Fail
6.1,88.4,Kinesthetic,Medium,54.7,51.3,No,Medium_Risk_Borderline
4.9,68.7,Auditory,Medium,35.6,31.6,No,High_Risk_Fail
3.8,78.5,Kinesthetic,High,40.1,33.7,No,High_Risk_Fail
10.4,62.3,Kinesthetic,Medium,69.1,72.7,No,Low_Risk_Pass
2.2,84.1,Visual,High,45.2,25.5,Yes,High_Risk_Fail
4.4,80.4,Visual,Medium,60.0,46.4,No,Medium_Risk_Borderline
6.5,44.6,Auditory,Low,43.5,47.9,No,High_Risk_Fail
5.5,88.1,Auditory,Low,52.9,40.6,No,High_Risk_Fail
3.3,90.4,Kinesthetic,Low,39.5,40.5,Yes,High_Risk_Fail
3.3,76.2,Auditory,Medium,49.2,47.0,Yes,High_Risk_Fail
7.4,70.4,Auditory,Medium,72.5,58.2,Yes,Medium_Risk_Borderline
7.6,89.3,Visual,Medium,80.1,79.0,Yes,Low_Risk_Pass
5.6,81.4,Visual,Medium,63.4,54.0,Yes,Medium_Risk_Borderline
2.9,77.2,Auditory,Low,49.0,40.6,No,High_Risk_Fail
3.4,71.6,Auditory,Low,57.5,41.7,Yes,High_Risk_Fail
4.7,79.2,Auditory,Medium,55.5,52.9,Yes,Medium_Risk_Borderline
5.1,93.6,Visual,Medium,65.6,57.1,Yes,Medium_Risk_Borderline
6.4,83.4,Kinesthetic,Low,59.6,50.1,No,Medium_Risk_Borderline
4.2,60.1,Reading,Low,32.0,24.8,Yes,High_Risk_Fail
7.3,76.6,Visual,High,58.0,47.9,Yes,Medium_Risk_Borderline
7.3,79.1,Auditory,High,64.4,61.7,No,Low_Risk_Pass
9.2,77.6,Reading,Low,72.9,74.8,No,Low_Risk_Pass
4.8,73.7,Visual,Medium,66.5,58.2,Yes,Medium_Risk_Borderline
5.7,75.7,Auditory,Medium,56.6,50.4,Yes,Medium_Risk_Borderline
4.4,49.2,Visual,High,48.9,35.6,Yes,High_Risk_Fail
2.9,80.1,Kinesthetic,Medium,41.6,29.6,No,High_Risk_Fail
12.8,66.5,Visual,Low,81.7,94.3,Yes,Low_Risk_Pass
8.6,56.8,Reading,Medium,50.8,53.4,No,Medium_Risk_Borderline
7.2,88.4,Kinesthetic,Medium,61.8,59.5,Yes,Medium_Risk_Borderline
4.7,89.6,Kinesthetic,Medium,61.2,44.4,No,Medium_Risk_Borderline
2.7,73.0,Kinesthetic,Medium,41.4,35.0,Yes,High_Risk_Fail
7.9,95.2,Auditory,Medium,81.2,69.7,Yes,Low_Risk_Pass
4.4,92.2,Auditory,Medium,58.1,54.3,No,Medium_Risk_Borderline
5.9,83.1,Reading,Low,57.0,56.5,Yes,Medium_Risk_Borderline
3.4,68.1,Reading,Medium,59.7,43.0,Yes,High_Risk_Fail
5.4,78.2,Auditory,Low,54.8,48.3,No,High_Risk_Fail
3.5,69.4,Reading,High,52.8,38.9,No,High_Risk_Fail
3.6,85.7,Auditory,Low,47.3,30.7,Yes,High_Risk_Fail
5.4,68.1,Auditory,Low,57.2,45.4,No,High_Risk_Fail
1.8,71.8,Auditory,Medium,44.2,33.1,No,High_Risk_Fail
1.9,82.7,Visual,High,43.3,33.6,No,High_Risk_Fail
3.1,93.9,Visual,High,32.7,29.8,No,High_Risk_Fail
4.2,61.9,Visual,Medium,43.8,37.1,No,High_Risk_Fail
7.4,56.4,Auditory,Low,65.7,67.2,Yes,Medium_Risk_Borderline
4.3,74.5,Auditory,Medium,53.4,45.3,No,High_Risk_Fail
4.7,81.9,Auditory,Medium,57.5,52.8,Yes,Medium_Risk_Borderline
4.0,84.8,Reading,Low,38.1,24.2,Yes,High_Risk_Fail
5.7,71.3,Auditory,High,48.4,22.6,Yes,High_Risk_Fail
2.9,90.5,Auditory,Low,52.5,41.9,Yes,High_Risk_Fail
4.5,71.2,Visual,High,52.0,36.2,No,Medium_Risk_Borderline
5.9,61.5,Visual,High,60.9,53.0,No,Medium_Risk_Borderline
5.4,63.6,Kinesthetic,Medium,48.6,43.5,No,High_Risk_Fail
4.8,79.6,Auditory,High,56.7,57.9,Yes,Medium_Risk_Borderline
4.8,76.5,Kinesthetic,Medium,52.3,48.2,Yes,Medium_Risk_Borderline
6.2,88.9,Visual,Low,55.6,53.0,No,Medium_Risk_Borderline
13.1,58.9,Auditory,Medium,64.5,83.0,No,Low_Risk_Pass
3.0,67.7,Visual,Low,44.0,37.6,Yes,High_Risk_Fail
13.3,79.0,Visual,Medium,92.8,92.8,Yes,Mastery_Distinction
2.9,89.4,Visual,Medium,43.9,41.5,No,High_Risk_Fail
1.0,85.5,Visual,Medium,25.7,11.8,Yes,High_Risk_Fail
3.5,92.8,Visual,Medium,57.9,47.2,No,Medium_Risk_Borderline
5.7,64.7,Visual,Medium,49.4,37.5,No,High_Risk_Fail
11.7,92.5,Reading,High,94.1,92.8,Yes,Mastery_Distinction
2.7,77.3,Visual,Low,58.0,44.1,Yes,High_Risk_Fail
6.2,79.6,Visual,Medium,42.6,54.2,Yes,Medium_Risk_Borderline
2.0,66.5,Visual,Low,30.0,14.6,Yes,High_Risk_Fail
11.5,96.1,Auditory,Medium,88.5,84.0,No,Mastery_Distinction
8.6,67.4,Visual,Low,77.3,77.1,No,Low_Risk_Pass
3.6,73.8,Reading,Medium,32.6,32.4,No,High_Risk_Fail
9.4,72.0,Reading,Medium,86.6,81.2,No,Low_Risk_Pass
4.5,83.1,Visual,Low,54.6,40.5,Yes,High_Risk_Fail
8.9,60.6,Auditory,High,63.5,61.3,No,Low_Risk_Pass
4.8,92.1,Visual,Low,56.9,56.0,No,Medium_Risk_Borderline
4.9,76.3,Kinesthetic,Medium,49.1,43.9,No,High_Risk_Fail
3.6,96.6,Auditory,Low,63.2,51.0,Yes,Medium_Risk_Borderline
6.6,79.8,Visual,Medium,53.1,51.0,No,Medium_Risk_Borderline
5.1,84.4,Visual,Medium,59.5,43.9,No,Medium_Risk_Borderline
6.3,68.8,Kinesthetic,Medium,52.8,56.2,Yes,Medium_Risk_Borderline
1.7,91.3,Auditory,Low,38.1,31.0,Yes,High_Risk_Fail
9.0,96.3,Visual,Medium,99.0,100.0,No,Mastery_Distinction
10.2,40.0,Kinesthetic,Medium,65.3,63.7,Yes,Medium_Risk_Borderline
5.1,82.0,Auditory,High,60.7,56.7,No,Medium_Risk_Borderline
12.6,75.6,Reading,Medium,96.0,87.5,No,Mastery_Distinction
11.1,68.6,Visual,Medium,66.0,73.8,No,Low_Risk_Pass
6.7,74.7,Kinesthetic,Low,74.0,70.4,No,Medium_Risk_Borderline
9.4,76.0,Kinesthetic,Medium,52.6,47.3,No,Medium_Risk_Borderline
8.2,72.7,Visual,Low,59.8,59.3,Yes,Medium_Risk_Borderline
1.4,88.9,Kinesthetic,Low,38.2,23.7,Yes,High_Risk_Fail
4.1,80.4,Auditory,Low,55.3,41.3,No,High_Risk_Fail
6.9,93.9,Reading,Medium,70.4,65.3,No,Medium_Risk_Borderline
10.6,76.9,Visual,Medium,77.1,84.8,Yes,Low_Risk_Pass
1.9,85.7,Kinesthetic,High,42.7,30.5,Yes,High_Risk_Fail
1.5,62.1,Auditory,Low,23.8,20.0,No,High_Risk_Fail
4.6,72.7,Reading,Medium,37.8,37.2,No,High_Risk_Fail
1.1,60.1,Visual,High,34.8,24.2,No,High_Risk_Fail
4.5,78.1,Reading,Medium,57.0,41.2,Yes,High_Risk_Fail
5.8,84.7,Reading,Medium,72.7,67.7,No,Medium_Risk_Borderline
2.7,74.7,Visual,Medium,35.7,31.3,No,High_Risk_Fail
4.6,60.0,Kinesthetic,Low,50.2,46.3,No,High_Risk_Fail
7.8,73.9,Reading,Medium,62.4,56.0,No,Medium_Risk_Borderline
3.5,79.3,Visual,Medium,57.0,41.9,Yes,High_Risk_Fail
2.9,62.3,Auditory,Low,46.1,35.3,No,High_Risk_Fail
4.5,77.4,Auditory,Low,52.9,36.0,Yes,High_Risk_Fail
2.5,60.5,Visual,Medium,32.7,17.0,Yes,High_Risk_Fail
12.2,75.5,Visual,High,92.8,88.7,No,Mastery_Distinction
4.8,79.3,Visual,Medium,58.5,52.6,No,Medium_Risk_Borderline
3.1,66.8,Visual,Medium,35.2,26.5,No,High_Risk_Fail
5.3,86.6,Auditory,Medium,47.9,38.5,No,High_Risk_Fail
4.5,41.5,Visual,Low,34.5,29.3,Yes,High_Risk_Fail
4.2,79.9,Reading,Medium,63.0,47.7,No,Medium_Risk_Borderline
3.5,74.6,Kinesthetic,Medium,54.8,41.3,Yes,High_Risk_Fail
3.4,85.6,Visual,High,40.6,47.6,No,Medium_Risk_Borderline
1.7,86.5,Kinesthetic,Low,32.9,31.2,Yes,High_Risk_Fail
9.4,84.7,Kinesthetic,Medium,86.4,86.2,No,Low_Risk_Pass
6.5,89.4,Reading,Medium,55.9,60.1,Yes,Medium_Risk_Borderline
5.6,57.0,Visual,Medium,52.1,42.1,No,High_Risk_Fail
4.4,68.6,Visual,Low,42.3,31.2,No,High_Risk_Fail
2.6,69.2,Reading,Medium,52.3,32.5,No,High_Risk_Fail
3.0,93.8,Reading,High,44.9,43.9,No,Medium_Risk_Borderline
1.9,84.4,Kinesthetic,Medium,51.5,33.3,No,High_Risk_Fail
3.2,56.9,Kinesthetic,Medium,38.6,25.3,No,High_Risk_Fail
2.4,83.5,Visual,Medium,46.2,32.3,No,High_Risk_Fail
10.8,79.7,Auditory,Medium,64.7,69.8,Yes,Low_Risk_Pass
7.5,76.7,Visual,Medium,46.8,52.2,Yes,Medium_Risk_Borderline
5.0,56.5,Visual,High,43.3,42.5,Yes,High_Risk_Fail
2.8,63.5,Kinesthetic,High,40.0,27.4,Yes,High_Risk_Fail
2.5,93.6,Visual,Medium,39.7,35.4,Yes,High_Risk_Fail
4.3,97.5,Auditory,Medium,49.6,38.8,No,High_Risk_Fail
7.7,75.9,Reading,High,69.5,63.9,Yes,Low_Risk_Pass
1.9,82.8,Visual,Medium,46.2,37.5,Yes,High_Risk_Fail
6.4,80.0,Reading,Medium,59.7,51.2,Yes,Medium_Risk_Borderline
3.2,72.6,Reading,Low,49.7,36.0,No,High_Risk_Fail
3.6,75.0,Auditory,Medium,36.8,36.4,No,High_Risk_Fail
4.9,60.2,Visual,Medium,43.3,35.5,Yes,High_Risk_Fail
2.9,91.5,Visual,High,62.8,44.1,No,Medium_Risk_Borderline
4.1,55.0,Auditory,High,41.0,40.2,Yes,High_Risk_Fail
2.7,96.9,Visual,Low,51.9,51.6,No,High_Risk_Fail
3.4,43.5,Visual,Medium,51.1,44.5,No,High_Risk_Fail
7.1,94.9,Reading,High,58.7,59.4,Yes,Medium_Risk_Borderline
5.0,69.1,Visual,Medium,56.5,52.1,No,Medium_Risk_Borderline
7.1,48.3,Kinesthetic,Low,64.6,53.6,No,Medium_Risk_Borderline
3.2,89.9,Visual,Low,47.8,39.0,Yes,High_Risk_Fail
6.4,80.0,Auditory,Medium,67.7,59.6,No,Medium_Risk_Borderline
1.6,80.4,Reading,Medium,31.5,25.6,Yes,High_Risk_Fail
4.9,83.7,Visual,Medium,50.0,45.4,Yes,Medium_Risk_Borderline
6.7,77.9,Visual,Low,64.4,61.0,Yes,Medium_Risk_Borderline
1.6,60.2,Kinesthetic,High,37.7,25.6,Yes,High_Risk_Fail
3.2,73.3,Kinesthetic,Medium,52.7,41.6,Yes,High_Risk_Fail
4.9,76.8,Kinesthetic,Low,65.3,46.5,No,High_Risk_Fail
8.0,52.7,Visual,Medium,56.5,56.0,Yes,Medium_Risk_Borderline
3.4,84.6,Visual,Medium,58.7,53.8,Yes,Medium_Risk_Borderline
6.3,73.3,Reading,Low,54.9,53.8,No,Medium_Risk_Borderline
9.7,43.2,Reading,Medium,68.1,69.8,No,Medium_Risk_Borderline
6.5,79.7,Auditory,Low,62.8,68.6,No,Medium_Risk_Borderline
4.2,73.8,Kinesthetic,Medium,52.0,35.6,No,High_Risk_Fail
5.8,60.7,Auditory,High,53.8,43.0,No,Medium_Risk_Borderline
3.3,67.8,Auditory,Medium,29.1,37.6,No,High_Risk_Fail
5.0,56.2,Visual,Medium,36.0,36.9,No,High_Risk_Fail
4.3,65.6,Auditory,Medium,46.4,39.3,No,High_Risk_Fail
5.7,52.3,Auditory,Low,33.1,29.8,Yes,High_Risk_Fail
3.7,73.2,Visual,High,52.6,45.3,Yes,Medium_Risk_Borderline
5.9,69.7,Auditory,High,61.4,57.8,No,Medium_Risk_Borderline
3.7,56.5,Kinesthetic,Low,41.9,29.7,Yes,High_Risk_Fail
7.5,92.8,Kinesthetic,Low,61.9,58.8,Yes,Medium_Risk_Borderline
3.9,66.0,Kinesthetic,Low,55.0,42.7,No,High_Risk_Fail
1.1,94.8,Reading,Low,59.2,40.4,No,High_Risk_Fail
2.5,69.5,Visual,Medium,40.2,24.9,Yes,High_Risk_Fail
4.8,90.2,Auditory,Medium,61.8,59.0,No,Medium_Risk_Borderline
10.8,88.7,Kinesthetic,High,85.7,89.3,No,Mastery_Distinction
7.3,91.5,Auditory,Medium,73.7,63.9,No,Low_Risk_Pass
1.0,85.2,Visual,Medium,37.6,24.3,No,High_Risk_Fail
1.8,72.8,Visual,Medium,36.9,26.7,No,High_Risk_Fail
8.5,88.5,Reading,Low,80.9,69.4,No,Low_Risk_Pass
6.6,92.5,Auditory,Medium,85.5,68.4,Yes,Low_Risk_Pass
13.8,77.7,Reading,Medium,82.0,89.0,No,Mastery_Distinction
3.6,76.1,Auditory,Low,45.8,48.0,No,High_Risk_Fail
2.8,61.8,Kinesthetic,Low,27.9,30.8,No,High_Risk_Fail
4.9,90.4,Kinesthetic,High,70.9,62.8,No,Low_Risk_Pass
3.6,41.5,Kinesthetic,Medium,28.1,29.9,Yes,High_Risk_Fail
8.1,74.3,Auditory,Medium,54.6,50.4,No,Medium_Risk_Borderline
3.5,63.6,Auditory,Medium,46.3,38.0,Yes,High_Risk_Fail
4.1,81.7,Kinesthetic,High,65.1,57.2,Yes,Medium_Risk_Borderline
2.6,72.9,Auditory,Medium,46.2,28.0,Yes,High_Risk_Fail
7.1,62.9,Auditory,Low,58.7,60.3,Yes,Medium_Risk_Borderline
2.7,74.6,Visual,High,45.3,49.2,No,Medium_Risk_Borderline
5.9,73.6,Reading,Medium,67.3,64.5,Yes,Medium_Risk_Borderline
11.7,86.7,Visual,Low,80.3,91.8,Yes,Low_Risk_Pass
1.4,84.4,Kinesthetic,Medium,39.2,29.0,No,High_Risk_Fail
10.0,92.7,Auditory,High,78.5,82.9,Yes,Low_Risk_Pass
5.5,70.3,Auditory,Low,43.5,38.3,Yes,High_Risk_Fail
2.3,79.5,Kinesthetic,Medium,39.5,35.4,Yes,High_Risk_Fail
5.0,82.3,Visual,Low,64.3,57.5,Yes,Medium_Risk_Borderline
7.0,61.8,Auditory,High,60.8,59.2,Yes,Medium_Risk_Borderline
2.9,94.9,Kinesthetic,Low,56.2,50.3,Yes,High_Risk_Fail
6.1,80.1,Kinesthetic,Medium,60.7,51.5,No,Medium_Risk_Borderline
10.4,88.4,Visual,High,86.3,81.9,Yes,Mastery_Distinction
3.5,81.0,Reading,Low,41.7,36.1,Yes,High_Risk_Fail
2.6,40.0,Kinesthetic,High,25.2,16.7,No,High_Risk_Fail
4.4,92.2,Reading,High,58.2,49.5,Yes,Medium_Risk_Borderline
4.9,68.7,Auditory,High,51.8,35.5,No,Medium_Risk_Borderline
8.3,93.8,Auditory,Low,77.4,77.6,No,Low_Risk_Pass
4.3,79.9,Reading,Medium,50.2,43.3,Yes,High_Risk_Fail
3.7,91.4,Reading,High,50.2,38.1,No,Medium_Risk_Borderline
2.5,98.4,Auditory,High,75.9,48.0,Yes,Medium_Risk_Borderline
1.6,70.8,Visual,Low,42.8,29.1,Yes,High_Risk_Fail
2.1,78.5,Auditory,High,44.2,36.9,No,High_Risk_Fail
2.1,81.0,Auditory,Medium,40.0,33.6,No,High_Risk_Fail
4.1,80.6,Visual,Low,47.1,36.3,No,High_Risk_Fail
1.8,59.0,Visual,Medium,30.7,18.7,No,High_Risk_Fail
4.6,83.3,Reading,High,56.4,51.6,Yes,Medium_Risk_Borderline
11.6,79.6,Visual,Medium,69.0,71.9,No,Low_Risk_Pass
8.4,82.6,Kinesthetic,Medium,58.3,60.5,No,Medium_Risk_Borderline
4.1,93.1,Visual,High,50.6,43.4,No,Medium_Risk_Borderline
14.0,76.9,Visual,Medium,95.4,100.0,No,Mastery_Distinction
4.9,67.9,Visual,Medium,47.3,48.2,No,High_Risk_Fail
5.3,99.1,Visual,Medium,75.3,53.5,Yes,Medium_Risk_Borderline
4.4,48.3,Kinesthetic,Medium,27.3,18.1,No,High_Risk_Fail
4.7,90.3,Reading,Medium,51.3,41.5,Yes,High_Risk_Fail
3.4,82.2,Visual,High,60.3,57.2,Yes,Medium_Risk_Borderline
4.1,92.4,Auditory,Medium,56.5,58.3,No,Medium_Risk_Borderline
10.0,91.3,Auditory,High,88.6,94.1,Yes,Mastery_Distinction
8.9,63.6,Reading,Low,81.9,74.7,No,Low_Risk_Pass
1.1,83.8,Kinesthetic,Low,32.9,12.3,Yes,High_Risk_Fail
1.9,72.1,Auditory,Medium,36.6,13.6,No,High_Risk_Fail
3.0,50.5,Kinesthetic,Low,31.5,24.2,Yes,High_Risk_Fail
7.7,64.5,Kinesthetic,Medium,44.8,48.8,Yes,Medium_Risk_Borderline
9.0,82.2,Visual,Medium,70.9,77.3,Yes,Low_Risk_Pass
6.9,89.4,Auditory,Low,73.9,70.2,No,Medium_Risk_Borderline
2.3,84.5,Reading,Medium,48.5,37.4,Yes,High_Risk_Fail
3.5,67.7,Kinesthetic,Medium,47.8,33.8,No,High_Risk_Fail
6.2,59.7,Auditory,Medium,48.8,42.1,Yes,High_Risk_Fail
4.1,65.4,Auditory,High,39.4,37.5,Yes,High_Risk_Fail
3.8,88.3,Visual,Medium,62.6,53.1,Yes,Medium_Risk_Borderline
3.9,96.0,Auditory,Medium,52.0,45.3,Yes,Medium_Risk_Borderline
8.6,93.3,Kinesthetic,High,78.4,66.6,No,Low_Risk_Pass
6.5,89.6,Auditory,High,66.4,63.2,No,Low_Risk_Pass
4.0,79.2,Kinesthetic,Low,61.4,51.4,Yes,High_Risk_Fail
5.7,97.4,Reading,Low,72.4,54.1,No,Medium_Risk_Borderline
2.1,57.2,Visual,Medium,22.0,14.8,No,High_Risk_Fail
3.5,84.5,Auditory,Medium,40.0,38.6,Yes,High_Risk_Fail
8.1,89.0,Auditory,High,76.7,68.9,Yes,Low_Risk_Pass
1.7,58.1,Kinesthetic,Medium,30.4,32.9,No,High_Risk_Fail
6.6,78.8,Visual,Medium,57.6,57.4,Yes,Medium_Risk_Borderline
1.1,75.4,Kinesthetic,High,43.2,26.3,Yes,High_Risk_Fail
10.9,77.0,Reading,Medium,81.3,81.4,Yes,Low_Risk_Pass
3.4,63.2,Auditory,Low,41.0,35.2,No,High_Risk_Fail
5.9,94.7,Reading,High,70.7,55.7,Yes,Medium_Risk_Borderline
5.1,77.8,Reading,Medium,51.1,40.5,Yes,High_Risk_Fail
5.2,68.3,Visual,High,63.3,57.8,Yes,Medium_Risk_Borderline
5.6,72.7,Visual,High,48.0,50.7,Yes,Medium_Risk_Borderline
1.5,79.1,Reading,Medium,43.6,34.3,Yes,High_Risk_Fail
5.2,88.8,Reading,Medium,70.4,66.9,No,Medium_Risk_Borderline
4.3,88.4,Visual,Medium,43.7,35.9,Yes,High_Risk_Fail
3.4,90.7,Visual,Medium,48.8,49.5,No,High_Risk_Fail
3.0,97.6,Visual,Medium,61.7,40.6,Yes,Medium_Risk_Borderline
5.3,86.6,Reading,Medium,67.7,50.4,No,Medium_Risk_Borderline
2.6,95.2,Visual,High,48.4,26.3,No,High_Risk_Fail
8.1,74.6,Auditory,Medium,60.4,57.9,Yes,Medium_Risk_Borderline
6.1,76.0,Kinesthetic,Low,65.5,54.6,No,Medium_Risk_Borderline
5.5,78.7,Visual,Medium,65.7,59.1,No,Medium_Risk_Borderline
7.9,86.8,Kinesthetic,High,61.0,61.8,No,Low_Risk_Pass
1.3,65.2,Visual,Medium,22.3,10.1,Yes,High_Risk_Fail
2.1,88.3,Reading,Medium,46.6,31.9,No,High_Risk_Fail
6.3,73.1,Visual,High,62.6,54.2,No,Medium_Risk_Borderline
3.1,75.0,Kinesthetic,Medium,41.6,23.6,No,High_Risk_Fail
3.3,71.3,Kinesthetic,Medium,48.8,33.3,No,High_Risk_Fail
1.9,69.4,Visual,High,30.6,19.4,No,High_Risk_Fail
2.6,75.1,Visual,Low,24.8,31.3,No,High_Risk_Fail
8.2,82.0,Auditory,High,66.3,65.5,No,Low_Risk_Pass
6.2,41.8,Visual,Low,45.1,49.6,No,High_Risk_Fail
5.3,80.2,Kinesthetic,Low,53.7,39.1,Yes,High_Risk_Fail
3.4,92.6,Kinesthetic,High,43.1,43.2,No,Medium_Risk_Borderline
5.1,69.9,Auditory,Low,36.4,44.9,Yes,High_Risk_Fail
8.5,91.9,Kinesthetic,Medium,70.9,56.0,No,Medium_Risk_Borderline
3.1,85.5,Kinesthetic,High,55.3,38.2,Yes,Medium_Risk_Borderline
4.7,92.6,Kinesthetic,High,68.2,58.0,Yes,Medium_Risk_Borderline
11.2,67.2,Auditory,High,86.8,89.5,No,Mastery_Distinction
6.9,79.9,Visual,Medium,56.5,50.5,Yes,Medium_Risk_Borderline
3.4,56.5,Visual,Medium,28.7,25.6,No,High_Risk_Fail
6.6,71.2,Auditory,Low,62.2,53.5,No,Medium_Risk_Borderline
1.7,90.1,Auditory,Medium,48.8,35.0,Yes,High_Risk_Fail
4.6,53.9,Auditory,High,45.5,48.3,Yes,Medium_Risk_Borderline
6.6,81.9,Visual,Medium,46.3,43.0,No,Medium_Risk_Borderline
5.8,61.7,Kinesthetic,Medium,43.8,49.7,Yes,High_Risk_Fail
6.6,52.8,Visual,Medium,50.6,45.5,No,High_Risk_Fail
7.3,89.0,Visual,Medium,72.3,60.2,No,Medium_Risk_Borderline
6.1,84.8,Auditory,High,67.5,63.7,Yes,Low_Risk_Pass
6.0,56.5,Visual,Low,50.8,54.0,Yes,High_Risk_Fail
5.3,62.7,Auditory,Medium,51.6,52.0,No,Medium_Risk_Borderline
2.4,83.1,Auditory,High,44.7,26.1,No,High_Risk_Fail
8.2,88.3,Auditory,Medium,77.7,68.4,Yes,Low_Risk_Pass
4.6,64.2,Auditory,Low,48.9,48.1,Yes,High_Risk_Fail
6.8,87.5,Visual,Medium,66.1,60.3,No,Medium_Risk_Borderline
7.7,83.9,Visual,Medium,66.1,56.3,No,Medium_Risk_Borderline
3.5,76.2,Reading,Low,46.9,41.4,Yes,High_Risk_Fail
3.7,91.6,Auditory,High,57.2,41.1,Yes,Medium_Risk_Borderline
4.0,65.6,Auditory,Medium,46.4,50.6,No,High_Risk_Fail
9.0,74.3,Visual,High,73.3,80.2,No,Low_Risk_Pass
2.7,72.3,Auditory,High,51.8,42.8,No,Medium_Risk_Borderline
9.8,79.1,Auditory,Medium,77.9,84.3,No,Low_Risk_Pass
5.3,73.6,Auditory,Low,48.1,45.1,No,High_Risk_Fail
5.5,58.0,Kinesthetic,Medium,55.0,54.1,No,Medium_Risk_Borderline
7.5,81.2,Visual,Low,55.3,64.5,No,Medium_Risk_Borderline
5.0,95.8,Visual,High,52.2,47.8,No,Medium_Risk_Borderline
8.2,82.5,Kinesthetic,Low,72.6,66.6,No,Medium_Risk_Borderline
3.5,85.1,Reading,Medium,53.9,32.6,Yes,High_Risk_Fail
9.6,79.8,Visual,Medium,65.2,67.4,Yes,Low_Risk_Pass
3.7,93.8,Auditory,Medium,51.1,46.7,No,High_Risk_Fail
9.8,94.6,Visual,Low,77.1,81.3,Yes,Low_Risk_Pass
3.7,79.6,Visual,Medium,44.6,40.9,No,High_Risk_Fail
4.0,77.7,Visual,Low,56.6,42.7,Yes,High_Risk_Fail
2.5,82.6,Visual,Low,49.9,25.6,No,High_Risk_Fail
3.0,60.8,Kinesthetic,Medium,37.7,28.6,Yes,High_Risk_Fail
4.7,66.2,Auditory,Medium,43.3,38.3,No,High_Risk_Fail
5.4,91.4,Visual,Medium,50.1,44.4,No,Medium_Risk_Borderline
7.9,82.5,Visual,Medium,79.9,75.4,Yes,Low_Risk_Pass
4.2,70.7,Kinesthetic,Medium,51.9,55.7,No,Medium_Risk_Borderline
2.3,79.5,Visual,Medium,36.5,29.5,Yes,High_Risk_Fail
5.8,62.6,Kinesthetic,High,56.9,50.2,Yes,Medium_Risk_Borderline
5.2,77.3,Visual,Low,53.8,46.3,Yes,High_Risk_Fail
6.2,63.2,Auditory,Medium,50.9,49.9,Yes,Medium_Risk_Borderline
3.2,79.9,Visual,High,49.8,34.5,No,High_Risk_Fail
3.5,78.0,Visual,High,41.0,35.8,Yes,High_Risk_Fail
3.2,90.2,Visual,Low,47.7,40.9,No,High_Risk_Fail
8.7,90.4,Visual,Medium,76.3,73.1,Yes,Low_Risk_Pass
9.6,92.4,Auditory,Medium,76.2,77.3,No,Low_Risk_Pass
3.4,72.2,Kinesthetic,Low,49.5,42.5,Yes,High_Risk_Fail
3.4,86.5,Visual,High,64.9,38.5,No,Medium_Risk_Borderline
6.6,82.6,Visual,Medium,56.7,57.6,No,Medium_Risk_Borderline
10.2,80.2,Auditory,Medium,64.7,65.4,No,Low_Risk_Pass
11.3,65.4,Kinesthetic,Low,61.0,63.9,Yes,Medium_Risk_Borderline
3.3,75.5,Reading,Medium,43.8,29.6,No,High_Risk_Fail
3.8,87.2,Auditory,Medium,46.7,42.0,Yes,High_Risk_Fail
5.6,98.2,Auditory,High,66.1,55.1,Yes,Medium_Risk_Borderline
5.7,78.1,Auditory,Low,58.0,41.8,Yes,High_Risk_Fail
4.3,90.9,Reading,Low,42.9,41.5,Yes,High_Risk_Fail
2.9,84.1,Kinesthetic,Medium,32.2,19.4,No,High_Risk_Fail
4.7,83.9,Visual,Low,57.1,49.2,No,High_Risk_Fail
11.3,70.3,Visual,Medium,80.1,83.4,Yes,Low_Risk_Pass
3.5,70.5,Visual,High,40.5,40.1,Yes,High_Risk_Fail
5.4,77.2,Auditory,Medium,41.9,52.0,Yes,Medium_Risk_Borderline
14.0,81.0,Kinesthetic,High,99.0,93.2,No,Mastery_Distinction
3.5,65.1,Auditory,Low,52.0,41.4,No,High_Risk_Fail
6.8,69.3,Visual,Low,60.5,55.0,Yes,Medium_Risk_Borderline
11.6,97.8,Kinesthetic,Low,84.5,88.1,No,Low_Risk_Pass
6.5,93.8,Kinesthetic,Medium,67.1,61.1,No,Medium_Risk_Borderline
8.4,49.3,Visual,High,46.6,51.0,No,Medium_Risk_Borderline
7.3,60.7,Kinesthetic,Low,65.6,58.6,No,Medium_Risk_Borderline
6.2,67.0,Auditory,Medium,55.4,45.1,No,Medium_Risk_Borderline
9.5,84.5,Reading,Medium,62.4,71.9,No,Low_Risk_Pass
6.7,74.0,Kinesthetic,High,57.3,57.2,Yes,Medium_Risk_Borderline
4.3,65.3,Auditory,Low,49.2,47.9,Yes,High_Risk_Fail
5.2,67.6,Kinesthetic,Low,47.8,42.4,Yes,High_Risk_Fail
5.8,69.6,Reading,Low,51.7,44.5,No,High_Risk_Fail
3.8,86.3,Auditory,Medium,41.8,30.0,No,High_Risk_Fail
5.3,77.7,Visual,Medium,59.5,53.8,Yes,Medium_Risk_Borderline
4.9,50.3,Kinesthetic,High,37.0,30.7,Yes,High_Risk_Fail
6.7,78.2,Visual,Medium,44.2,57.7,No,Medium_Risk_Borderline
13.2,80.0,Auditory,Medium,88.4,84.8,No,Mastery_Distinction
5.4,99.2,Reading,Medium,71.8,60.9,No,Medium_Risk_Borderline
10.3,85.3,Kinesthetic,Low,77.4,86.7,No,Low_Risk_Pass
6.6,71.6,Auditory,Medium,72.2,66.7,No,Medium_Risk_Borderline
5.3,88.8,Visual,High,62.8,54.6,Yes,Medium_Risk_Borderline
3.7,74.2,Auditory,High,49.0,34.7,Yes,High_Risk_Fail
5.3,80.4,Visual,High,55.0,40.6,Yes,Medium_Risk_Borderline
5.1,82.9,Visual,High,55.6,53.3,No,Medium_Risk_Borderline
3.1,81.1,Kinesthetic,Low,44.3,44.9,Yes,High_Risk_Fail
3.4,81.9,Visual,Low,45.6,34.9,No,High_Risk_Fail
5.8,54.1,Auditory,Low,52.0,41.8,No,High_Risk_Fail
10.3,69.8,Auditory,Medium,66.8,56.2,Yes,Medium_Risk_Borderline
4.6,82.6,Reading,Low,45.1,35.0,No,High_Risk_Fail
1.8,54.6,Auditory,Medium,21.0,17.3,Yes,High_Risk_Fail
1.0,41.6,Visual,Medium,37.5,35.1,Yes,High_Risk_Fail
2.5,66.7,Visual,High,42.2,36.9,No,High_Risk_Fail
6.9,91.8,Auditory,Medium,70.2,64.7,Yes,Medium_Risk_Borderline
2.1,74.3,Auditory,High,30.7,22.3,No,High_Risk_Fail
7.5,62.9,Auditory,Low,63.9,57.3,No,Medium_Risk_Borderline
6.7,93.2,Auditory,Low,66.5,68.4,No,Medium_Risk_Borderline
4.5,54.3,Visual,Medium,43.7,40.9,No,High_Risk_Fail
3.1,87.5,Auditory,Medium,41.1,21.3,Yes,High_Risk_Fail
4.1,74.9,Auditory,Medium,49.7,38.1,No,High_Risk_Fail
5.8,50.4,Visual,Medium,42.9,38.0,Yes,High_Risk_Fail
2.1,80.7,Visual,Medium,35.6,24.4,Yes,High_Risk_Fail
9.7,74.3,Visual,Medium,79.2,80.0,Yes,Low_Risk_Pass
5.7,75.1,Visual,Medium,43.4,42.5,Yes,High_Risk_Fail
6.1,82.6,Kinesthetic,Medium,65.0,56.8,No,Medium_Risk_Borderline
6.7,77.5,Visual,Medium,66.6,67.9,Yes,Medium_Risk_Borderline
9.3,86.8,Visual,Medium,69.5,65.4,No,Low_Risk_Pass
5.3,74.5,Visual,Medium,47.1,55.3,Yes,Medium_Risk_Borderline
6.9,96.9,Reading,Low,68.0,57.5,No,Medium_Risk_Borderline
3.2,73.0,Reading,Medium,45.9,37.7,No,High_Risk_Fail
11.4,88.7,Visual,Medium,85.6,83.9,Yes,Low_Risk_Pass
5.1,87.8,Visual,High,61.5,52.9,No,Medium_Risk_Borderline
3.2,73.9,Visual,Medium,58.1,47.1,Yes,High_Risk_Fail
3.7,65.8,Auditory,Low,38.9,37.0,Yes,High_Risk_Fail
1.3,91.3,Visual,Medium,28.6,16.5,No,High_Risk_Fail
3.6,88.6,Kinesthetic,Medium,58.2,39.0,No,High_Risk_Fail
0.8,76.0,Auditory,Medium,47.5,45.9,Yes,High_Risk_Fail
7.2,90.8,Reading,Medium,71.9,61.8,Yes,Medium_Risk_Borderline
6.0,87.2,Visual,Medium,53.2,54.1,Yes,Medium_Risk_Borderline
2.6,71.7,Kinesthetic,Medium,39.4,21.8,No,High_Risk_Fail
4.6,78.1,Kinesthetic,Medium,43.0,37.9,No,High_Risk_Fail
4.7,79.2,Visual,Low,58.0,48.1,No,High_Risk_Fail
2.3,66.6,Auditory,Medium,26.2,25.5,No,High_Risk_Fail
4.2,79.8,Visual,Low,48.4,25.3,No,High_Risk_Fail
4.8,92.2,Visual,Low,50.4,45.6,No,High_Risk_Fail
4.1,87.6,Visual,High,54.5,38.1,No,Medium_Risk_Borderline
3.2,99.6,Auditory,High,51.3,42.3,No,Medium_Risk_Borderline
2.5,85.0,Auditory,Low,46.7,29.3,No,High_Risk_Fail
4.0,97.4,Reading,Medium,57.1,41.1,No,Medium_Risk_Borderline
3.4,73.1,Visual,Low,36.6,30.5,No,High_Risk_Fail
6.4,91.9,Reading,Medium,70.6,55.2,No,Medium_Risk_Borderline
9.5,96.7,Visual,High,81.0,74.2,Yes,Low_Risk_Pass
7.7,64.3,Kinesthetic,High,52.5,47.4,Yes,Medium_Risk_Borderline
4.9,84.9,Visual,Medium,73.9,48.0,No,Medium_Risk_Borderline
3.2,45.2,Visual,Medium,36.3,37.5,Yes,High_Risk_Fail
7.6,85.8,Reading,Medium,67.3,55.4,No,Medium_Risk_Borderline
6.7,87.7,Visual,Medium,76.6,65.0,Yes,Low_Risk_Pass
9.2,65.7,Kinesthetic,High,82.4,81.6,Yes,Low_Risk_Pass
5.3,67.1,Auditory,High,49.5,41.9,Yes,Medium_Risk_Borderline
11.1,78.4,Auditory,Medium,84.1,78.8,Yes,Low_Risk_Pass
5.3,86.2,Auditory,Medium,50.4,47.5,Yes,Medium_Risk_Borderline
3.2,61.9,Kinesthetic,Medium,38.0,39.1,No,High_Risk_Fail
3.6,74.2,Visual,Low,44.3,30.4,No,High_Risk_Fail
6.3,64.5,Kinesthetic,High,55.6,51.4,No,Medium_Risk_Borderline
3.4,96.7,Reading,Medium,56.6,33.8,Yes,High_Risk_Fail
11.0,80.2,Visual,Medium,86.1,82.3,No,Low_Risk_Pass
6.0,67.7,Visual,Medium,56.0,51.8,No,Medium_Risk_Borderline
4.9,89.3,Kinesthetic,High,48.1,38.4,No,Medium_Risk_Borderline
5.1,74.8,Auditory,Low,45.4,39.8,No,High_Risk_Fail
4.1,93.5,Auditory,High,51.5,34.8,Yes,Medium_Risk_Borderline
1.5,62.0,Visual,High,29.3,22.5,Yes,High_Risk_Fail
3.6,83.3,Auditory,High,57.9,51.9,Yes,Medium_Risk_Borderline
10.3,87.3,Visual,Medium,72.0,67.5,Yes,Low_Risk_Pass
5.4,89.8,Auditory,Low,57.4,46.9,No,High_Risk_Fail
8.1,83.5,Kinesthetic,Medium,77.5,73.8,Yes,Low_Risk_Pass
8.3,72.2,Visual,Medium,63.8,70.5,No,Medium_Risk_Borderline
4.6,83.7,Auditory,Low,57.9,39.6,No,High_Risk_Fail
6.7,60.6,Reading,Medium,53.3,51.1,No,Medium_Risk_Borderline
1.7,80.8,Kinesthetic,Medium,42.0,32.0,No,High_Risk_Fail
9.9,77.4,Kinesthetic,High,73.7,73.3,Yes,Low_Risk_Pass
9.5,63.6,Auditory,Low,73.5,57.7,No,Medium_Risk_Borderline
6.2,96.8,Kinesthetic,Medium,54.3,54.2,Yes,Medium_Risk_Borderline
5.5,51.0,Visual,High,42.2,50.9,No,Medium_Risk_Borderline
4.7,85.8,Visual,High,57.8,49.5,No,Medium_Risk_Borderline
8.6,95.0,Visual,High,81.0,68.2,No,Low_Risk_Pass
7.1,75.2,Auditory,Medium,74.0,62.6,Yes,Medium_Risk_Borderline
0.5,77.3,Kinesthetic,High,30.0,30.1,No,High_Risk_Fail
3.8,80.7,Visual,Medium,61.2,53.6,Yes,Medium_Risk_Borderline
2.3,90.5,Kinesthetic,Medium,41.3,35.5,Yes,High_Risk_Fail
2.1,96.1,Kinesthetic,Low,58.5,43.5,No,High_Risk_Fail
8.6,61.8,Auditory,Low,70.0,63.8,Yes,Medium_Risk_Borderline
4.6,98.9,Auditory,Low,53.0,44.4,No,High_Risk_Fail
6.1,87.7,Auditory,Low,65.0,56.8,Yes,Medium_Risk_Borderline
5.0,87.7,Visual,Medium,57.2,52.6,No,Medium_Risk_Borderline
2.1,75.3,Visual,Low,44.6,42.1,No,High_Risk_Fail
1.7,79.6,Reading,Low,37.7,34.4,No,High_Risk_Fail
3.7,87.7,Visual,High,49.3,32.2,No,High_Risk_Fail
3.9,56.2,Visual,Low,51.0,43.6,No,High_Risk_Fail
3.9,79.8,Reading,Medium,48.7,45.3,Yes,High_Risk_Fail
3.9,86.7,Visual,Low,58.8,50.7,No,High_Risk_Fail
12.7,78.7,Kinesthetic,High,86.8,86.4,Yes,Mastery_Distinction
8.1,93.5,Visual,High,87.2,94.1,Yes,Mastery_Distinction
5.4,50.5,Auditory,Medium,39.1,32.0,Yes,High_Risk_Fail
4.6,69.0,Visual,Medium,43.4,33.3,No,High_Risk_Fail
4.7,40.0,Visual,Low,49.3,45.1,No,High_Risk_Fail
7.0,81.3,Auditory,High,60.5,70.0,No,Low_Risk_Pass
4.5,94.7,Kinesthetic,High,70.9,51.0,No,Medium_Risk_Borderline
7.6,69.6,Auditory,High,69.2,62.7,Yes,Low_Risk_Pass
5.7,87.2,Reading,Medium,59.3,59.1,No,Medium_Risk_Borderline
12.8,76.4,Visual,Medium,73.7,82.5,Yes,Low_Risk_Pass
4.4,97.6,Auditory,High,58.7,46.4,No,Medium_Risk_Borderline
8.4,67.4,Auditory,Medium,65.6,68.0,Yes,Medium_Risk_Borderline
2.5,75.7,Reading,Medium,50.9,39.7,No,High_Risk_Fail
3.3,65.7,Visual,Low,53.8,48.4,Yes,High_Risk_Fail
11.9,95.4,Auditory,High,86.2,95.2,Yes,Mastery_Distinction
7.5,69.6,Reading,Low,68.0,65.1,Yes,Medium_Risk_Borderline
6.2,92.5,Visual,Low,71.0,63.0,Yes,Medium_Risk_Borderline
14.0,57.6,Reading,Medium,94.6,100.0,Yes,Mastery_Distinction
4.6,78.6,Visual,High,56.1,50.4,Yes,Medium_Risk_Borderline
8.4,77.8,Kinesthetic,Medium,53.4,57.6,No,Medium_Risk_Borderline
8.7,87.6,Reading,Low,72.9,69.8,No,Medium_Risk_Borderline
10.6,94.1,Kinesthetic,Low,76.1,84.6,No,Low_Risk_Pass
2.3,82.1,Auditory,High,41.6,41.0,No,High_Risk_Fail
4.6,59.5,Visual,High,52.3,36.1,No,High_Risk_Fail
5.7,70.3,Reading,High,56.2,50.9,No,Medium_Risk_Borderline
10.5,59.7,Auditory,Medium,80.3,75.5,No,Low_Risk_Pass
6.1,95.6,Visual,High,68.4,57.5,Yes,Medium_Risk_Borderline
8.7,90.7,Kinesthetic,Medium,65.0,67.5,No,Low_Risk_Pass
2.2,73.5,Auditory,Medium,19.1,22.1,Yes,High_Risk_Fail
4.0,80.9,Visual,Medium,51.6,42.3,No,High_Risk_Fail
9.4,84.4,Visual,Medium,74.3,61.3,No,Low_Risk_Pass
4.3,87.9,Visual,High,46.7,35.1,Yes,High_Risk_Fail
4.8,89.3,Auditory,Medium,43.7,46.0,No,High_Risk_Fail
10.4,91.0,Kinesthetic,Medium,77.3,61.1,Yes,Low_Risk_Pass
2.8,61.2,Auditory,Medium,35.5,36.8,Yes,High_Risk_Fail
3.2,73.8,Kinesthetic,Low,49.2,42.2,Yes,High_Risk_Fail
2.0,86.1,Reading,Medium,44.9,40.8,No,High_Risk_Fail
10.6,91.3,Kinesthetic,Low,97.1,88.9,No,Low_Risk_Pass
8.0,90.0,Visual,Low,63.7,49.9,No,Medium_Risk_Borderline
7.9,68.1,Kinesthetic,Medium,69.8,68.2,Yes,Medium_Risk_Borderline
3.9,74.7,Auditory,Medium,47.8,48.0,No,High_Risk_Fail
1.9,75.1,Auditory,High,44.1,37.7,No,High_Risk_Fail
1.6,84.9,Kinesthetic,Medium,37.7,23.4,Yes,High_Risk_Fail
9.5,92.9,Auditory,High,88.5,82.1,No,Mastery_Distinction
6.4,66.9,Reading,High,57.9,50.7,Yes,Medium_Risk_Borderline
7.1,46.0,Visual,High,44.9,43.3,Yes,Medium_Risk_Borderline
5.5,89.6,Kinesthetic,Medium,60.5,58.5,No,Medium_Risk_Borderline
3.0,94.5,Visual,Medium,49.4,31.5,No,High_Risk_Fail
4.0,86.9,Reading,High,56.7,40.7,Yes,Medium_Risk_Borderline
2.6,80.0,Visual,Medium,34.3,21.8,Yes,High_Risk_Fail
2.4,77.9,Visual,Low,41.7,23.3,Yes,High_Risk_Fail
7.6,79.7,Visual,Medium,69.2,65.2,Yes,Medium_Risk_Borderline
1.7,82.3,Auditory,Low,40.8,36.5,Yes,High_Risk_Fail
2.6,75.5,Visual,High,52.7,38.3,Yes,High_Risk_Fail
4.2,90.0,Auditory,Medium,61.1,40.2,No,Medium_Risk_Borderline
5.0,63.2,Auditory,Medium,47.7,48.7,Yes,High_Risk_Fail
2.0,65.1,Visual,Medium,36.8,38.2,No,High_Risk_Fail
1.6,88.3,Visual,Medium,44.9,27.9,No,High_Risk_Fail
6.0,93.8,Kinesthetic,Low,67.7,55.7,Yes,Medium_Risk_Borderline
5.4,82.7,Kinesthetic,Medium,42.8,45.0,Yes,High_Risk_Fail
9.4,82.0,Kinesthetic,Medium,72.7,81.6,No,Low_Risk_Pass
5.1,40.0,Kinesthetic,Medium,27.1,28.4,Yes,High_Risk_Fail
6.4,75.7,Visual,High,69.3,52.8,Yes,Medium_Risk_Borderline
3.1,78.2,Visual,Low,44.7,39.9,Yes,High_Risk_Fail
3.2,89.3,Visual,Low,48.6,43.6,No,High_Risk_Fail
2.1,90.4,Kinesthetic,Low,52.8,38.0,No,High_Risk_Fail
3.1,93.2,Reading,Medium,54.6,38.7,No,High_Risk_Fail
4.0,85.2,Auditory,High,43.1,43.8,No,Medium_Risk_Borderline
8.9,89.8,Visual,High,75.4,75.1,Yes,Low_Risk_Pass
2.9,59.3,Visual,Medium,34.1,24.5,Yes,High_Risk_Fail
13.1,69.4,Visual,Medium,72.8,83.3,Yes,Low_Risk_Pass
6.7,69.8,Auditory,Medium,52.5,43.5,Yes,Medium_Risk_Borderline
5.9,57.9,Visual,Low,48.2,50.7,Yes,High_Risk_Fail
4.9,89.8,Reading,Low,57.1,47.4,Yes,High_Risk_Fail
4.4,82.5,Auditory,High,40.9,35.1,Yes,High_Risk_Fail
3.4,51.3,Reading,Medium,45.0,37.0,Yes,High_Risk_Fail
2.0,78.2,Kinesthetic,High,39.5,29.9,Yes,High_Risk_Fail
2.9,61.1,Kinesthetic,Medium,37.8,36.7,No,High_Risk_Fail
10.6,87.8,Kinesthetic,Medium,86.0,86.9,No,Low_Risk_Pass
6.4,54.7,Kinesthetic,Low,44.4,44.9,No,High_Risk_Fail
10.6,85.7,Kinesthetic,Medium,85.6,87.7,Yes,Low_Risk_Pass
3.4,74.2,Kinesthetic,Medium,42.0,37.8,No,High_Risk_Fail
2.5,69.4,Auditory,Medium,31.8,24.0,Yes,High_Risk_Fail
4.8,77.1,Reading,Low,57.0,47.9,Yes,High_Risk_Fail
3.0,93.9,Kinesthetic,Medium,63.0,45.9,Yes,Medium_Risk_Borderline
5.4,58.7,Kinesthetic,Low,53.6,51.4,No,High_Risk_Fail
1.7,66.3,Reading,Medium,41.6,27.9,No,High_Risk_Fail
1.2,86.8,Visual,Medium,36.0,22.9,Yes,High_Risk_Fail
5.8,82.4,Visual,Low,46.3,57.0,Yes,High_Risk_Fail
10.8,48.3,Auditory,Low,79.8,85.9,Yes,Low_Risk_Pass
6.0,78.6,Auditory,Low,74.9,58.4,Yes,Medium_Risk_Borderline
6.4,80.4,Kinesthetic,Medium,73.3,66.6,Yes,Medium_Risk_Borderline
5.0,75.2,Auditory,Low,49.9,45.7,Yes,High_Risk_Fail
5.2,90.8,Auditory,High,50.5,48.2,No,Medium_Risk_Borderline
1.9,75.9,Auditory,Low,30.4,24.8,Yes,High_Risk_Fail
3.0,91.8,Visual,Low,36.8,38.2,Yes,High_Risk_Fail
8.9,73.5,Kinesthetic,High,68.6,69.9,Yes,Low_Risk_Pass
2.4,63.0,Kinesthetic,Medium,48.8,36.1,Yes,High_Risk_Fail
4.0,88.4,Visual,Low,52.2,49.6,No,High_Risk_Fail
8.8,83.4,Auditory,High,75.4,73.0,Yes,Low_Risk_Pass
5.1,84.2,Auditory,Medium,67.6,56.6,No,Medium_Risk_Borderline
5.3,88.7,Visual,High,56.1,51.4,No,Medium_Risk_Borderline
4.0,76.4,Visual,Medium,64.8,50.3,No,Medium_Risk_Borderline
6.9,91.8,Reading,Medium,83.7,71.0,No,Low_Risk_Pass
7.8,68.4,Auditory,High,61.4,56.7,No,Medium_Risk_Borderline
2.9,77.2,Visual,Low,39.3,27.8,No,High_Risk_Fail
2.0,80.4,Visual,Medium,46.7,28.0,Yes,High_Risk_Fail
1.3,83.3,Kinesthetic,Medium,36.4,17.4,No,High_Risk_Fail
6.2,47.1,Kinesthetic,Low,37.5,35.8,No,High_Risk_Fail
5.9,97.3,Kinesthetic,Low,75.7,62.1,No,Medium_Risk_Borderline
14.0,80.4,Visual,Low,99.0,100.0,No,Mastery_Distinction
5.0,75.6,Reading,Medium,54.0,45.8,No,Medium_Risk_Borderline
4.5,53.7,Auditory,Medium,31.6,18.3,No,High_Risk_Fail
5.5,82.8,Visual,Medium,48.0,54.7,No,Medium_Risk_Borderline
5.7,43.9,Auditory,Low,44.1,50.1,No,High_Risk_Fail
4.3,67.9,Auditory,Medium,42.5,41.1,No,High_Risk_Fail
3.0,69.6,Reading,High,38.6,43.6,No,High_Risk_Fail
4.8,69.8,Reading,Medium,57.7,43.2,No,Medium_Risk_Borderline
4.7,88.2,Visual,Medium,62.3,62.8,No,Medium_Risk_Borderline
4.7,80.7,Reading,High,64.5,47.0,No,Medium_Risk_Borderline
7.3,69.8,Kinesthetic,High,52.8,55.0,Yes,Medium_Risk_Borderline
4.8,58.5,Reading,Medium,42.3,32.1,Yes,High_Risk_Fail
2.0,61.4,Visual,High,39.6,29.8,No,High_Risk_Fail
3.3,88.1,Auditory,Medium,53.7,44.4,No,High_Risk_Fail
4.3,85.5,Visual,High,65.8,51.5,Yes,Medium_Risk_Borderline
4.9,71.6,Kinesthetic,Low,54.1,51.4,Yes,High_Risk_Fail
6.3,97.8,Visual,Medium,82.3,68.9,No,Low_Risk_Pass
4.9,83.8,Auditory,Low,59.9,47.5,No,High_Risk_Fail
1.2,76.5,Visual,High,44.5,26.9,No,High_Risk_Fail
2.2,69.7,Visual,Medium,35.2,32.6,No,High_Risk_Fail
6.5,89.3,Kinesthetic,Low,65.1,54.6,Yes,Medium_Risk_Borderline
4.2,75.2,Reading,Low,56.3,51.9,Yes,High_Risk_Fail
5.2,86.7,Kinesthetic,High,71.0,65.5,Yes,Low_Risk_Pass
3.9,81.6,Reading,High,56.0,35.3,No,Medium_Risk_Borderline
3.3,88.6,Visual,Medium,49.6,46.5,Yes,High_Risk_Fail
4.0,60.8,Auditory,Medium,53.3,56.3,No,Medium_Risk_Borderline
5.2,69.8,Auditory,Medium,33.8,37.4,No,High_Risk_Fail
4.8,66.6,Visual,Medium,36.9,40.1,No,High_Risk_Fail
7.8,50.7,Auditory,High,60.8,66.1,No,Medium_Risk_Borderline
1.8,89.9,Kinesthetic,Low,44.2,30.3,Yes,High_Risk_Fail
2.0,72.1,Auditory,Medium,42.7,32.7,No,High_Risk_Fail
4.2,76.9,Kinesthetic,Medium,50.2,34.8,Yes,High_Risk_Fail
6.3,78.0,Auditory,Medium,64.1,58.2,Yes,Medium_Risk_Borderline
7.1,90.5,Visual,Medium,61.6,61.2,Yes,Medium_Risk_Borderline
3.4,57.3,Visual,Medium,42.8,39.0,Yes,High_Risk_Fail
0.6,66.6,Auditory,Low,37.3,30.6,No,High_Risk_Fail
3.4,73.2,Visual,Medium,54.3,38.1,No,High_Risk_Fail
5.9,85.1,Visual,Low,76.7,60.5,Yes,Medium_Risk_Borderline
4.7,87.8,Auditory,Low,58.2,60.4,Yes,Medium_Risk_Borderline
6.5,72.2,Auditory,Low,60.3,54.8,No,Medium_Risk_Borderline
8.7,98.6,Visual,High,66.4,67.1,No,Low_Risk_Pass
4.3,69.2,Kinesthetic,Medium,42.8,38.2,Yes,High_Risk_Fail
3.7,63.6,Kinesthetic,Medium,40.5,30.5,No,High_Risk_Fail
2.8,95.6,Visual,Medium,59.2,53.7,No,Medium_Risk_Borderline
1.9,88.5,Kinesthetic,Medium,39.1,26.0,No,High_Risk_Fail
1.6,91.3,Kinesthetic,Medium,50.1,28.1,Yes,High_Risk_Fail
3.2,65.4,Kinesthetic,Medium,40.5,31.2,No,High_Risk_Fail
8.1,94.5,Auditory,Medium,72.8,56.0,No,Medium_Risk_Borderline
6.8,73.1,Visual,Medium,61.8,53.6,No,Medium_Risk_Borderline
3.6,75.2,Kinesthetic,Medium,43.2,30.9,No,High_Risk_Fail
13.1,78.7,Auditory,High,87.0,95.2,No,Mastery_Distinction
3.3,57.8,Reading,High,24.3,20.4,Yes,High_Risk_Fail
9.1,96.4,Kinesthetic,Low,77.5,79.1,No,Low_Risk_Pass
10.3,85.7,Auditory,Low,76.8,85.4,No,Low_Risk_Pass
6.1,56.6,Visual,Medium,46.0,50.6,No,High_Risk_Fail
3.2,63.2,Visual,Medium,43.0,34.1,Yes,High_Risk_Fail
3.8,50.4,Visual,Low,42.5,37.7,Yes,High_Risk_Fail
5.3,71.7,Auditory,High,54.4,39.4,No,Medium_Risk_Borderline
2.0,88.1,Visual,Low,52.2,36.5,No,High_Risk_Fail
2.6,66.5,Auditory,High,42.9,28.4,Yes,High_Risk_Fail
2.5,81.4,Visual,Medium,41.4,36.5,No,High_Risk_Fail
6.3,57.3,Reading,High,47.6,62.9,Yes,Medium_Risk_Borderline
8.7,83.2,Visual,Low,74.9,74.0,No,Low_Risk_Pass
6.9,47.8,Reading,Low,54.8,41.6,No,High_Risk_Fail
7.9,88.0,Reading,Medium,81.9,70.7,Yes,Low_Risk_Pass
3.0,96.5,Auditory,Low,61.6,46.7,No,High_Risk_Fail
3.9,86.3,Kinesthetic,Medium,47.7,40.8,No,High_Risk_Fail
4.1,78.0,Auditory,Medium,48.8,37.2,Yes,High_Risk_Fail
6.1,55.2,Kinesthetic,Low,54.9,52.7,No,High_Risk_Fail
3.2,93.8,Visual,Low,60.5,38.4,Yes,High_Risk_Fail
7.7,96.4,Visual,High,80.7,65.9,No,Low_Risk_Pass
10.1,72.3,Auditory,Low,73.9,78.5,Yes,Low_Risk_Pass
6.2,61.5,Auditory,Low,42.5,38.0,Yes,High_Risk_Fail
3.8,80.2,Auditory,Medium,41.2,39.3,Yes,High_Risk_Fail
2.8,87.0,Visual,High,49.6,29.9,Yes,High_Risk_Fail
2.5,84.3,Auditory,Medium,47.7,46.7,No,High_Risk_Fail
1.2,92.6,Visual,Low,33.7,19.2,Yes,High_Risk_Fail
4.2,58.8,Visual,Medium,42.8,36.9,Yes,High_Risk_Fail
4.0,74.4,Visual,High,52.8,45.7,No,Medium_Risk_Borderline
7.4,95.9,Visual,High,62.5,56.3,No,Medium_Risk_Borderline
3.4,66.6,Visual,Medium,50.8,41.5,No,High_Risk_Fail
4.3,70.5,Kinesthetic,Medium,44.5,43.1,No,High_Risk_Fail
5.5,58.1,Visual,Medium,58.1,57.1,No,Medium_Risk_Borderline
6.2,88.4,Kinesthetic,Low,59.0,58.7,Yes,Medium_Risk_Borderline
7.0,76.6,Visual,Medium,53.9,52.3,No,Medium_Risk_Borderline
5.2,42.5,Reading,Medium,36.7,36.7,No,High_Risk_Fail
2.1,93.9,Auditory,High,46.2,48.1,Yes,Medium_Risk_Borderline
5.9,73.5,Visual,Medium,52.8,55.1,Yes,Medium_Risk_Borderline
3.2,80.1,Auditory,Low,44.7,30.9,Yes,High_Risk_Fail
8.9,80.0,Auditory,Medium,74.7,72.1,Yes,Low_Risk_Pass
4.8,70.6,Auditory,Medium,48.5,41.5,No,High_Risk_Fail
5.4,93.8,Visual,High,61.3,52.2,No,Medium_Risk_Borderline
14.0,92.2,Reading,Low,86.2,86.3,No,Low_Risk_Pass
7.1,76.1,Auditory,Medium,65.5,58.1,No,Medium_Risk_Borderline
5.8,79.2,Visual,Medium,57.1,62.5,Yes,Medium_Risk_Borderline
4.4,78.4,Kinesthetic,Medium,64.0,55.1,Yes,Medium_Risk_Borderline
2.2,79.7,Auditory,High,34.3,12.2,No,High_Risk_Fail
4.2,76.9,Kinesthetic,Medium,35.2,41.0,Yes,High_Risk_Fail
2.8,74.1,Auditory,High,47.2,43.3,Yes,High_Risk_Fail
10.7,84.1,Kinesthetic,Medium,84.6,80.7,No,Low_Risk_Pass
5.9,89.0,Visual,High,54.1,54.5,No,Medium_Risk_Borderline
8.7,81.8,Kinesthetic,Medium,59.6,56.7,Yes,Medium_Risk_Borderline
3.3,94.8,Kinesthetic,High,65.1,46.1,No,Medium_Risk_Borderline
2.9,73.8,Visual,Medium,53.9,50.0,No,High_Risk_Fail
6.7,91.3,Visual,Medium,46.8,46.5,Yes,Medium_Risk_Borderline
2.8,79.2,Visual,Low,40.6,21.5,No,High_Risk_Fail
3.7,78.6,Reading,Medium,61.4,47.6,Yes,Medium_Risk_Borderline
11.0,89.2,Visual,Medium,81.4,81.4,No,Low_Risk_Pass
3.8,89.2,Auditory,Medium,48.9,47.9,No,High_Risk_Fail
1.9,94.2,Visual,High,44.0,32.2,No,High_Risk_Fail
1.4,86.3,Auditory,Low,31.9,20.8,Yes,High_Risk_Fail
1.7,88.7,Auditory,High,29.5,29.1,Yes,High_Risk_Fail
9.0,88.1,Reading,High,84.2,78.2,Yes,Low_Risk_Pass
3.4,96.5,Auditory,Low,39.2,29.2,No,High_Risk_Fail
14.0,87.6,Kinesthetic,Medium,99.0,100.0,Yes,Mastery_Distinction
10.2,83.4,Auditory,Medium,86.4,83.6,Yes,Low_Risk_Pass
12.4,70.8,Visual,Low,72.5,80.7,Yes,Low_Risk_Pass
8.0,75.1,Visual,Medium,58.6,60.2,Yes,Medium_Risk_Borderline
6.5,66.1,Auditory,High,65.4,52.3,Yes,Medium_Risk_Borderline
2.9,79.5,Reading,Low,49.1,35.0,No,High_Risk_Fail
4.7,51.2,Reading,Medium,36.7,36.1,Yes,High_Risk_Fail
6.9,91.4,Visual,Medium,77.2,65.9,Yes,Low_Risk_Pass
7.8,72.1,Visual,High,73.6,75.2,No,Low_Risk_Pass
2.3,76.0,Visual,Low,42.9,33.9,No,High_Risk_Fail
4.3,49.5,Reading,Medium,31.9,37.2,Yes,High_Risk_Fail
4.5,88.9,Reading,Medium,52.5,45.1,Yes,Medium_Risk_Borderline
4.4,85.2,Kinesthetic,Medium,56.2,53.3,No,Medium_Risk_Borderline
2.5,79.8,Auditory,High,41.7,34.9,Yes,High_Risk_Fail
11.6,80.8,Auditory,High,92.0,90.1,No,Mastery_Distinction
4.2,89.0,Auditory,Low,42.3,37.9,Yes,High_Risk_Fail
2.6,40.0,Visual,Medium,15.7,11.5,Yes,High_Risk_Fail
11.8,76.5,Auditory,Medium,85.1,89.5,No,Mastery_Distinction
10.2,90.4,Visual,Medium,78.1,77.2,No,Low_Risk_Pass
5.1,57.5,Visual,Medium,40.9,36.8,No,High_Risk_Fail
1.4,59.5,Reading,Medium,16.0,20.4,Yes,High_Risk_Fail
3.6,87.4,Kinesthetic,Medium,51.3,34.1,No,High_Risk_Fail
1.6,65.8,Auditory,High,33.1,22.1,Yes,High_Risk_Fail
6.3,83.9,Auditory,Low,67.1,65.3,No,Medium_Risk_Borderline
3.5,62.5,Auditory,High,41.3,37.2,No,High_Risk_Fail
4.7,82.6,Kinesthetic,Medium,53.1,45.7,Yes,Medium_Risk_Borderline
11.2,70.7,Kinesthetic,Medium,88.1,88.0,No,Low_Risk_Pass
3.3,82.6,Kinesthetic,High,37.4,33.4,No,High_Risk_Fail
6.1,63.3,Kinesthetic,Medium,57.1,43.5,No,Medium_Risk_Borderline
7.1,87.6,Visual,Medium,53.6,51.4,No,Medium_Risk_Borderline
8.8,61.0,Visual,Medium,57.3,70.5,Yes,Medium_Risk_Borderline
4.5,79.1,Auditory,Medium,42.2,34.9,Yes,High_Risk_Fail
4.2,71.3,Visual,High,53.7,42.9,Yes,Medium_Risk_Borderline
4.2,93.0,Kinesthetic,High,55.6,42.7,Yes,Medium_Risk_Borderline
5.8,83.5,Visual,Low,59.4,52.5,No,Medium_Risk_Borderline
10.0,73.4,Visual,Low,65.5,65.8,No,Medium_Risk_Borderline
4.1,96.7,Auditory,Medium,54.7,48.0,No,Medium_Risk_Borderline
0.8,66.3,Reading,Low,24.0,18.0,Yes,High_Risk_Fail
7.5,81.5,Visual,Medium,69.4,68.8,No,Low_Risk_Pass
4.9,66.9,Kinesthetic,Low,40.9,32.9,No,High_Risk_Fail
6.3,65.3,Auditory,Medium,65.1,55.9,No,Medium_Risk_Borderline
1.7,54.4,Visual,Low,16.0,13.3,Yes,High_Risk_Fail
3.5,97.8,Auditory,Medium,48.4,42.3,No,High_Risk_Fail
7.2,79.2,Kinesthetic,Medium,77.5,63.3,Yes,Medium_Risk_Borderline
2.1,66.0,Auditory,Medium,32.4,31.2,Yes,High_Risk_Fail
6.1,81.4,Reading,High,49.5,55.1,Yes,Medium_Risk_Borderline
4.7,78.3,Visual,High,54.2,40.7,No,Medium_Risk_Borderline
3.0,94.1,Visual,Medium,47.3,34.4,No,High_Risk_Fail
2.9,54.0,Reading,Low,28.0,22.3,No,High_Risk_Fail
2.5,72.7,Auditory,High,31.6,42.3,No,High_Risk_Fail
4.9,73.6,Auditory,High,73.6,56.3,Yes,Medium_Risk_Borderline
5.2,88.9,Kinesthetic,High,56.9,59.8,No,Medium_Risk_Borderline
3.8,48.2,Visual,Low,21.0,16.4,No,High_Risk_Fail
2.4,84.3,Kinesthetic,High,56.5,35.2,Yes,High_Risk_Fail
6.0,95.8,Visual,Medium,70.2,56.0,No,Medium_Risk_Borderline
7.6,57.9,Visual,Medium,51.2,48.4,Yes,Medium_Risk_Borderline
6.6,94.3,Visual,High,60.0,54.2,No,Medium_Risk_Borderline
12.6,97.6,Kinesthetic,Low,99.0,92.9,Yes,Mastery_Distinction
4.3,75.3,Visual,High,47.5,36.5,Yes,High_Risk_Fail
9.4,94.9,Kinesthetic,Medium,64.9,74.1,No,Low_Risk_Pass
3.2,90.4,Reading,High,64.9,55.9,Yes,Medium_Risk_Borderline
2.9,85.6,Auditory,Medium,43.8,40.7,Yes,High_Risk_Fail
5.1,89.1,Auditory,High,70.6,60.8,Yes,Medium_Risk_Borderline
10.5,56.2,Auditory,Low,80.0,80.1,Yes,Low_Risk_Pass
4.0,66.5,Visual,Medium,36.6,31.0,No,High_Risk_Fail
1.7,88.5,Auditory,Medium,51.3,30.2,No,High_Risk_Fail
7.5,62.8,Kinesthetic,Medium,53.7,56.9,No,Medium_Risk_Borderline
4.5,68.1,Reading,Low,32.6,26.0,No,High_Risk_Fail
5.6,70.8,Reading,Medium,50.1,40.9,Yes,High_Risk_Fail
3.0,89.2,Reading,Low,52.4,47.4,Yes,High_Risk_Fail
5.1,92.1,Reading,Medium,56.1,60.4,No,Medium_Risk_Borderline
1.9,85.4,Auditory,Medium,40.3,32.2,No,High_Risk_Fail
11.7,42.3,Kinesthetic,High,78.7,89.0,Yes,Low_Risk_Pass
8.3,81.1,Reading,Low,70.6,65.8,Yes,Medium_Risk_Borderline
4.9,78.7,Auditory,Low,46.8,34.8,No,High_Risk_Fail
7.4,97.7,Reading,Low,78.0,72.7,No,Low_Risk_Pass
3.2,83.8,Auditory,Medium,49.5,42.7,No,High_Risk_Fail
8.1,85.0,Kinesthetic,Low,50.3,54.9,Yes,Medium_Risk_Borderline
3.9,78.9,Kinesthetic,Medium,52.5,41.7,No,High_Risk_Fail
3.8,91.4,Reading,High,56.8,51.3,Yes,Medium_Risk_Borderline
2.6,84.8,Visual,Medium,45.8,29.4,No,High_Risk_Fail
6.0,78.6,Kinesthetic,Medium,65.6,52.7,No,Medium_Risk_Borderline
4.8,86.8,Auditory,Low,50.9,38.9,No,High_Risk_Fail
9.6,80.9,Visual,Medium,78.3,76.3,Yes,Low_Risk_Pass
2.4,96.6,Kinesthetic,Low,36.9,22.8,No,High_Risk_Fail
6.0,86.1,Auditory,High,64.7,52.7,No,Medium_Risk_Borderline
8.7,76.8,Kinesthetic,Medium,85.5,73.2,No,Low_Risk_Pass
14.0,86.7,Visual,Medium,89.7,94.3,Yes,Mastery_Distinction
5.3,70.6,Auditory,Medium,46.0,34.6,Yes,High_Risk_Fail
3.9,75.4,Kinesthetic,High,42.0,37.4,No,High_Risk_Fail
5.2,90.6,Auditory,Low,60.7,59.5,No,Medium_Risk_Borderline
9.2,86.6,Visual,Medium,67.5,68.9,No,Low_Risk_Pass
9.2,78.3,Reading,Low,76.1,82.5,Yes,Low_Risk_Pass
4.4,61.4,Auditory,Medium,51.1,51.9,Yes,High_Risk_Fail
9.1,83.1,Kinesthetic,High,78.5,79.1,No,Low_Risk_Pass
4.7,77.5,Auditory,Medium,38.0,37.3,No,High_Risk_Fail
7.4,71.1,Auditory,Medium,69.7,64.2,Yes,Medium_Risk_Borderline
6.4,95.0,Auditory,High,74.3,68.4,Yes,Low_Risk_Pass
3.8,57.6,Auditory,Medium,46.8,37.1,No,High_Risk_Fail
2.7,70.3,Auditory,Medium,43.3,22.8,Yes,High_Risk_Fail
8.8,94.1,Auditory,Medium,79.0,76.8,No,Low_Risk_Pass
10.1,69.6,Auditory,Medium,81.5,72.4,Yes,Low_Risk_Pass
5.9,64.7,Visual,Low,67.8,52.6,No,Medium_Risk_Borderline
4.7,71.2,Auditory,High,42.0,39.3,Yes,High_Risk_Fail
2.2,91.6,Visual,Medium,55.2,39.1,No,High_Risk_Fail
8.7,82.6,Visual,Low,71.5,60.5,Yes,Medium_Risk_Borderline
5.5,72.5,Reading,High,52.7,49.1,No,Medium_Risk_Borderline
4.1,79.3,Kinesthetic,Medium,37.9,40.8,Yes,High_Risk_Fail
7.5,91.9,Kinesthetic,Low,68.2,56.6,No,Medium_Risk_Borderline
2.0,69.2,Auditory,Medium,28.7,30.9,No,High_Risk_Fail
2.5,68.9,Reading,High,35.1,19.2,No,High_Risk_Fail
3.2,85.4,Kinesthetic,High,39.8,46.2,No,High_Risk_Fail
6.3,74.9,Kinesthetic,High,54.7,49.3,No,Medium_Risk_Borderline
5.2,65.3,Auditory,High,46.3,44.3,No,Medium_Risk_Borderline
6.7,76.1,Reading,Low,61.4,45.6,No,Medium_Risk_Borderline
8.4,62.3,Kinesthetic,Medium,49.8,54.7,No,Medium_Risk_Borderline
6.8,84.5,Reading,High,52.8,53.5,Yes,Medium_Risk_Borderline
11.8,83.0,Visual,Medium,89.2,88.4,No,Mastery_Distinction
8.4,95.7,Visual,Medium,69.7,63.6,Yes,Low_Risk_Pass
4.4,88.7,Visual,Medium,63.9,45.9,Yes,Medium_Risk_Borderline
3.5,68.6,Visual,Medium,45.0,44.3,Yes,High_Risk_Fail
4.5,61.8,Reading,High,49.8,43.6,Yes,Medium_Risk_Borderline
6.9,63.7,Visual,Medium,67.8,70.6,No,Medium_Risk_Borderline
3.7,74.6,Visual,Medium,44.0,34.3,No,High_Risk_Fail
7.0,89.5,Visual,High,62.7,56.0,No,Medium_Risk_Borderline
6.6,97.0,Visual,Medium,75.5,70.0,No,Low_Risk_Pass
2.7,77.7,Visual,Low,47.3,26.7,No,High_Risk_Fail
8.3,63.8,Kinesthetic,Medium,61.4,54.5,No,Medium_Risk_Borderline
5.8,85.7,Auditory,High,71.5,66.9,Yes,Low_Risk_Pass
11.5,89.9,Visual,High,86.0,79.1,No,Mastery_Distinction
4.7,94.4,Auditory,High,59.2,38.7,No,Medium_Risk_Borderline
4.0,75.7,Auditory,Medium,48.4,52.3,No,High_Risk_Fail
2.5,43.5,Visual,Medium,21.2,11.9,No,High_Risk_Fail
2.4,40.0,Kinesthetic,High,27.4,24.7,No,High_Risk_Fail
7.8,63.7,Kinesthetic,High,71.8,66.9,Yes,Low_Risk_Pass
10.9,78.1,Kinesthetic,Low,83.8,66.1,Yes,Low_Risk_Pass
4.5,93.2,Kinesthetic,Low,57.8,46.6,No,High_Risk_Fail
4.3,72.8,Visual,High,47.2,43.9,No,Medium_Risk_Borderline
4.9,92.1,Reading,High,61.5,53.7,No,Medium_Risk_Borderline
8.6,86.6,Kinesthetic,High,79.3,78.8,Yes,Low_Risk_Pass
2.7,71.2,Reading,High,45.5,33.1,Yes,High_Risk_Fail
5.4,87.2,Visual,Medium,56.5,54.4,No,Medium_Risk_Borderline
7.9,82.0,Reading,Medium,70.9,62.1,No,Medium_Risk_Borderline
6.2,91.3,Kinesthetic,Medium,68.3,51.1,No,Medium_Risk_Borderline
0.6,80.3,Kinesthetic,Low,26.8,10.1,Yes,High_Risk_Fail
6.8,85.4,Visual,Medium,66.1,51.3,Yes,Medium_Risk_Borderline
6.2,52.7,Kinesthetic,Medium,31.7,43.7,No,High_Risk_Fail
9.4,91.2,Reading,Medium,82.6,68.7,Yes,Low_Risk_Pass
10.5,81.4,Kinesthetic,Medium,85.1,84.2,No,Low_Risk_Pass
9.2,87.1,Auditory,Medium,82.2,75.3,No,Low_Risk_Pass
5.0,66.2,Reading,Low,45.8,41.9,Yes,High_Risk_Fail
1.6,91.7,Auditory,Medium,46.4,40.8,No,High_Risk_Fail
13.2,58.3,Auditory,Low,94.1,93.4,No,Low_Risk_Pass
4.3,74.7,Auditory,Low,60.5,52.9,Yes,High_Risk_Fail
4.9,92.5,Reading,High,58.8,50.2,Yes,Medium_Risk_Borderline
10.9,90.5,Visual,Low,86.4,83.6,Yes,Low_Risk_Pass
3.0,64.1,Auditory,Medium,48.0,51.6,No,High_Risk_Fail
2.0,73.5,Kinesthetic,Medium,26.4,13.2,No,High_Risk_Fail
3.7,84.4,Kinesthetic,Medium,47.8,47.5,No,High_Risk_Fail
3.1,95.7,Auditory,Low,62.9,51.0,No,High_Risk_Fail
1.9,91.5,Reading,High,53.0,34.6,No,High_Risk_Fail
4.5,86.4,Reading,High,57.8,58.0,No,Medium_Risk_Borderline
5.0,81.0,Visual,Low,42.9,29.7,No,High_Risk_Fail
1.8,56.5,Auditory,Medium,30.3,20.4,Yes,High_Risk_Fail
4.0,53.1,Visual,High,34.5,25.4,No,High_Risk_Fail
3.0,71.3,Visual,High,44.7,38.3,No,High_Risk_Fail
1.3,72.6,Auditory,Medium,28.4,14.3,No,High_Risk_Fail
5.1,71.2,Reading,Low,43.2,43.8,No,High_Risk_Fail
5.3,62.2,Kinesthetic,Medium,32.2,34.1,Yes,High_Risk_Fail
3.0,46.3,Visual,Medium,41.8,31.2,No,High_Risk_Fail
8.2,63.3,Visual,Low,59.0,62.3,Yes,Medium_Risk_Borderline
4.8,99.2,Auditory,Medium,62.5,50.3,No,Medium_Risk_Borderline
3.1,86.4,Auditory,Medium,48.5,31.9,No,High_Risk_Fail
1.7,52.8,Visual,Medium,20.2,34.0,No,High_Risk_Fail
5.5,94.5,Reading,High,52.5,45.1,No,Medium_Risk_Borderline
6.2,63.3,Reading,High,45.2,32.4,No,High_Risk_Fail
3.6,58.6,Auditory,Medium,33.9,26.1,Yes,High_Risk_Fail
5.2,40.0,Reading,High,42.3,33.4,No,High_Risk_Fail
10.5,93.3,Auditory,Low,78.2,83.4,No,Low_Risk_Pass
7.6,89.2,Kinesthetic,High,83.9,75.1,No,Low_Risk_Pass
1.0,81.5,Auditory,Low,45.3,32.6,Yes,High_Risk_Fail
3.1,92.3,Visual,Low,57.3,41.5,No,High_Risk_Fail
4.4,69.0,Reading,Medium,46.4,39.4,Yes,High_Risk_Fail
5.0,73.2,Auditory,Medium,63.9,51.1,No,Medium_Risk_Borderline
5.2,84.1,Kinesthetic,High,55.3,48.3,Yes,Medium_Risk_Borderline
6.0,84.8,Auditory,Medium,60.7,59.4,No,Medium_Risk_Borderline
4.5,72.6,Visual,Medium,50.6,45.9,No,High_Risk_Fail
4.8,93.8,Visual,Medium,64.7,56.2,Yes,Medium_Risk_Borderline
7.8,69.3,Auditory,Medium,67.9,67.1,No,Medium_Risk_Borderline
5.6,95.6,Kinesthetic,Medium,59.6,57.9,No,Medium_Risk_Borderline
2.3,90.5,Visual,Medium,42.3,34.0,Yes,High_Risk_Fail
5.0,90.8,Kinesthetic,High,63.9,55.5,No,Medium_Risk_Borderline
4.4,49.2,Kinesthetic,High,45.2,47.5,Yes,Medium_Risk_Borderline
1.3,65.8,Kinesthetic,High,29.0,17.3,Yes,High_Risk_Fail
5.2,64.6,Auditory,Medium,36.5,32.4,Yes,High_Risk_Fail
2.5,72.1,Reading,Medium,38.4,23.4,No,High_Risk_Fail
7.8,82.4,Auditory,Medium,73.0,68.3,Yes,Low_Risk_Pass
6.0,63.5,Auditory,Medium,66.8,47.0,No,Medium_Risk_Borderline
2.2,61.4,Visual,Medium,24.9,24.3,No,High_Risk_Fail
7.7,71.9,Visual,High,60.0,58.4,Yes,Medium_Risk_Borderline
9.5,65.7,Visual,Medium,65.9,74.8,No,Low_Risk_Pass
4.1,81.2,Kinesthetic,High,61.8,45.3,Yes,Medium_Risk_Borderline
4.4,40.0,Visual,High,35.5,33.3,No,High_Risk_Fail
7.3,87.6,Visual,High,60.6,65.0,Yes,Low_Risk_Pass
9.2,84.2,Kinesthetic,High,79.5,83.6,Yes,Low_Risk_Pass
1.6,77.3,Visual,Medium,34.9,21.7,No,High_Risk_Fail
2.4,84.6,Visual,Medium,34.8,29.2,No,High_Risk_Fail
3.7,88.2,Visual,Medium,44.8,39.7,Yes,High_Risk_Fail
4.0,85.6,Kinesthetic,Low,66.1,53.9,No,Medium_Risk_Borderline
7.1,91.0,Visual,Medium,71.4,62.6,Yes,Medium_Risk_Borderline
9.2,76.9,Auditory,Medium,73.0,79.1,No,Low_Risk_Pass
9.5,76.6,Auditory,Medium,71.4,60.0,No,Low_Risk_Pass
1.5,65.9,Kinesthetic,High,35.4,23.2,Yes,High_Risk_Fail
2.9,40.0,Kinesthetic,High,31.3,30.2,Yes,High_Risk_Fail
2.2,92.5,Kinesthetic,Low,49.2,38.9,Yes,High_Risk_Fail
3.3,67.1,Visual,Medium,42.6,43.6,Yes,High_Risk_Fail
2.9,90.3,Visual,Medium,56.1,49.5,Yes,Medium_Risk_Borderline
6.0,73.3,Visual,Medium,56.5,50.2,No,Medium_Risk_Borderline
6.4,91.7,Visual,High,57.7,61.6,No,Medium_Risk_Borderline
4.8,69.0,Visual,Medium,44.3,36.7,Yes,High_Risk_Fail
4.5,86.9,Visual,Medium,39.2,42.6,No,High_Risk_Fail
3.8,78.6,Auditory,High,64.8,61.1,No,Medium_Risk_Borderline
4.1,71.5,Kinesthetic,High,54.0,52.0,No,Medium_Risk_Borderline
10.4,70.9,Auditory,Low,68.5,72.9,No,Medium_Risk_Borderline
6.9,60.9,Kinesthetic,Medium,53.2,50.6,No,Medium_Risk_Borderline
3.9,78.1,Visual,Medium,43.7,28.7,No,High_Risk_Fail
4.5,85.7,Visual,Medium,66.9,55.5,Yes,Medium_Risk_Borderline
6.0,97.2,Auditory,Low,54.5,44.0,Yes,High_Risk_Fail
2.2,68.7,Visual,Medium,38.3,24.8,Yes,High_Risk_Fail
5.1,60.3,Visual,Medium,46.2,35.9,Yes,High_Risk_Fail
6.7,51.7,Auditory,Medium,57.4,51.8,No,Medium_Risk_Borderline
6.2,58.3,Reading,Medium,50.4,48.7,Yes,Medium_Risk_Borderline
2.9,77.6,Kinesthetic,High,30.0,28.3,No,High_Risk_Fail
3.3,73.4,Visual,Low,42.2,31.6,Yes,High_Risk_Fail
1.2,81.8,Kinesthetic,Low,30.3,28.2,No,High_Risk_Fail
7.0,58.8,Kinesthetic,High,55.7,53.2,No,Medium_Risk_Borderline
12.7,82.8,Kinesthetic,Low,99.0,92.8,Yes,Mastery_Distinction
2.7,82.0,Kinesthetic,High,31.0,28.1,Yes,High_Risk_Fail
8.3,66.2,Auditory,Medium,57.4,71.1,No,Medium_Risk_Borderline
12.1,68.4,Visual,Medium,77.4,84.8,Yes,Low_Risk_Pass
3.6,41.1,Auditory,Low,29.6,26.4,Yes,High_Risk_Fail
4.5,91.2,Auditory,Low,62.7,42.0,Yes,High_Risk_Fail
5.5,70.2,Auditory,Low,51.4,46.0,No,High_Risk_Fail
6.1,83.0,Auditory,Low,64.0,58.1,No,Medium_Risk_Borderline
5.6,74.2,Reading,Medium,49.9,44.4,No,High_Risk_Fail
3.8,81.7,Reading,Low,51.6,32.4,No,High_Risk_Fail
6.6,88.9,Reading,Medium,71.5,57.6,No,Medium_Risk_Borderline
3.8,77.6,Kinesthetic,Medium,42.3,45.5,No,High_Risk_Fail
5.8,83.0,Reading,Medium,65.6,65.4,No,Medium_Risk_Borderline
4.7,90.6,Visual,Low,57.8,43.5,Yes,High_Risk_Fail
1.4,80.0,Visual,Low,46.7,36.3,Yes,High_Risk_Fail
9.0,67.7,Auditory,Low,66.0,59.5,No,Medium_Risk_Borderline
3.3,61.1,Kinesthetic,Medium,42.3,43.7,No,High_Risk_Fail
9.4,75.6,Auditory,Medium,72.2,73.0,Yes,Low_Risk_Pass
8.2,60.9,Kinesthetic,High,60.5,66.6,Yes,Low_Risk_Pass
5.4,85.6,Visual,Medium,60.6,42.3,No,Medium_Risk_Borderline
6.3,40.0,Visual,Medium,48.6,52.1,No,High_Risk_Fail
6.7,65.8,Kinesthetic,Medium,46.5,48.0,Yes,Medium_Risk_Borderline
4.2,82.6,Visual,Medium,63.4,55.8,No,Medium_Risk_Borderline
4.4,79.9,Auditory,Medium,36.9,40.8,No,High_Risk_Fail
6.5,83.1,Visual,Low,57.0,54.1,No,Medium_Risk_Borderline
4.7,51.1,Visual,Medium,40.8,35.0,Yes,High_Risk_Fail
3.8,84.4,Kinesthetic,Medium,54.2,48.6,Yes,Medium_Risk_Borderline
3.0,62.6,Auditory,Medium,51.1,39.3,Yes,High_Risk_Fail
5.9,84.3,Auditory,Medium,45.4,39.7,No,High_Risk_Fail
3.3,71.1,Visual,Medium,39.2,27.9,No,High_Risk_Fail
7.4,66.4,Kinesthetic,Medium,42.8,39.0,Yes,High_Risk_Fail
7.8,78.0,Auditory,Medium,66.6,60.3,No,Medium_Risk_Borderline
6.3,86.6,Kinesthetic,Medium,65.2,64.6,Yes,Medium_Risk_Borderline
7.0,72.1,Kinesthetic,Medium,73.1,65.9,Yes,Medium_Risk_Borderline
6.3,55.2,Visual,Medium,51.4,46.6,No,Medium_Risk_Borderline
7.2,78.8,Reading,Medium,72.3,69.8,No,Low_Risk_Pass
7.1,75.0,Kinesthetic,High,66.6,56.3,Yes,Medium_Risk_Borderline
5.8,75.1,Auditory,Medium,52.7,49.6,No,Medium_Risk_Borderline
8.2,99.0,Visual,Medium,65.2,62.6,No,Medium_Risk_Borderline
4.3,82.8,Reading,High,54.7,50.4,No,Medium_Risk_Borderline
3.0,84.6,Kinesthetic,Medium,35.4,20.8,No,High_Risk_Fail
2.9,40.0,Visual,Low,39.4,27.2,Yes,High_Risk_Fail
4.0,91.4,Visual,High,53.3,34.2,No,Medium_Risk_Borderline
1.3,68.1,Kinesthetic,Low,42.7,28.0,No,High_Risk_Fail
5.3,86.2,Kinesthetic,Medium,54.5,55.9,Yes,Medium_Risk_Borderline
6.7,69.5,Kinesthetic,High,60.1,53.1,Yes,Medium_Risk_Borderline
7.7,51.8,Auditory,High,57.0,54.2,No,Medium_Risk_Borderline
1.6,73.0,Kinesthetic,Low,36.0,31.6,Yes,High_Risk_Fail
3.0,66.3,Auditory,Medium,36.6,37.4,No,High_Risk_Fail
7.3,71.4,Visual,Medium,64.5,60.1,No,Medium_Risk_Borderline
4.3,80.5,Kinesthetic,Medium,44.1,43.5,Yes,High_Risk_Fail
6.7,91.6,Reading,Low,57.1,47.9,Yes,Medium_Risk_Borderline
2.2,65.4,Visual,Medium,46.0,42.5,No,High_Risk_Fail
9.4,90.3,Auditory,Medium,84.2,91.6,No,Low_Risk_Pass
2.0,96.4,Kinesthetic,Low,48.1,38.0,No,High_Risk_Fail
0.5,54.8,Auditory,Medium,37.5,11.5,No,High_Risk_Fail
5.3,64.1,Kinesthetic,Medium,47.3,40.9,No,High_Risk_Fail
5.3,84.7,Kinesthetic,High,68.3,60.6,No,Medium_Risk_Borderline
3.6,79.9,Visual,High,49.6,38.0,Yes,High_Risk_Fail
6.1,88.2,Reading,Medium,54.5,58.6,Yes,Medium_Risk_Borderline
6.2,68.4,Kinesthetic,High,70.0,64.1,No,Low_Risk_Pass
5.9,86.6,Reading,High,69.1,54.9,No,Medium_Risk_Borderline
3.5,88.0,Kinesthetic,Medium,50.0,40.7,No,High_Risk_Fail
3.1,68.7,Reading,Low,47.2,32.3,No,High_Risk_Fail
3.7,92.0,Visual,Medium,50.2,40.1,No,High_Risk_Fail
2.9,68.3,Visual,Medium,47.0,33.6,No,High_Risk_Fail
8.4,93.7,Reading,Medium,56.2,66.0,Yes,Medium_Risk_Borderline
3.9,86.3,Visual,Medium,43.9,50.7,No,High_Risk_Fail
5.2,95.3,Visual,Medium,69.4,48.7,No,Medium_Risk_Borderline
7.3,87.2,Kinesthetic,Medium,65.7,49.8,No,Medium_Risk_Borderline
2.8,61.9,Kinesthetic,Low,39.0,30.3,Yes,High_Risk_Fail
2.0,98.0,Visual,High,37.4,19.3,No,High_Risk_Fail
2.9,85.8,Reading,Medium,62.2,46.3,No,Medium_Risk_Borderline
5.5,92.8,Kinesthetic,High,71.4,63.8,Yes,Low_Risk_Pass
5.3,55.0,Auditory,Low,44.2,51.4,No,High_Risk_Fail
5.9,58.5,Kinesthetic,High,46.7,46.9,No,Medium_Risk_Borderline
4.5,85.7,Auditory,Low,62.8,50.0,Yes,Medium_Risk_Borderline
0.8,46.5,Visual,Low,38.1,13.4,No,High_Risk_Fail
4.4,85.7,Visual,Low,61.7,50.4,Yes,High_Risk_Fail
7.8,68.6,Auditory,Medium,79.9,71.8,Yes,Low_Risk_Pass
8.9,88.4,Auditory,High,68.0,71.3,Yes,Low_Risk_Pass
5.0,81.1,Kinesthetic,Medium,48.4,39.8,No,High_Risk_Fail
5.3,84.2,Kinesthetic,High,48.0,42.1,No,Medium_Risk_Borderline
6.6,55.5,Auditory,Medium,55.4,44.2,No,Medium_Risk_Borderline
8.7,96.3,Kinesthetic,Medium,79.1,59.8,No,Low_Risk_Pass
4.8,96.9,Visual,High,59.1,43.2,Yes,Medium_Risk_Borderline
6.5,76.3,Visual,Medium,66.2,49.8,Yes,Medium_Risk_Borderline
3.4,86.3,Reading,Medium,59.7,48.0,No,Medium_Risk_Borderline
2.2,63.1,Visual,High,22.9,17.2,Yes,High_Risk_Fail
3.6,81.0,Visual,High,43.8,33.9,No,High_Risk_Fail
9.8,76.0,Kinesthetic,High,81.1,72.2,No,Low_Risk_Pass
6.6,53.4,Auditory,High,47.3,28.8,No,High_Risk_Fail
2.3,76.8,Reading,Low,34.7,36.8,Yes,High_Risk_Fail
6.8,79.5,Visual,High,70.5,56.7,No,Medium_Risk_Borderline
2.4,68.6,Visual,Medium,27.9,21.5,No,High_Risk_Fail
5.8,77.9,Visual,High,54.8,41.6,Yes,Medium_Risk_Borderline
2.7,93.3,Auditory,Medium,52.1,45.2,No,High_Risk_Fail
2.2,90.2,Auditory,Medium,41.4,32.3,Yes,High_Risk_Fail
10.6,70.6,Auditory,Medium,82.2,76.2,Yes,Low_Risk_Pass
3.9,75.5,Reading,Medium,43.2,35.3,Yes,High_Risk_Fail
6.5,83.6,Reading,Low,74.0,74.0,Yes,Medium_Risk_Borderline
4.9,89.1,Visual,High,56.7,48.3,No,Medium_Risk_Borderline
2.5,85.2,Auditory,High,50.7,36.8,Yes,High_Risk_Fail
4.2,85.2,Auditory,Low,58.9,42.3,Yes,High_Risk_Fail
2.6,68.9,Reading,High,34.2,17.0,Yes,High_Risk_Fail
14.0,90.5,Reading,Medium,82.8,90.7,Yes,Mastery_Distinction
7.2,98.9,Visual,Medium,74.8,68.4,Yes,Low_Risk_Pass
4.8,84.6,Kinesthetic,Medium,56.0,54.6,Yes,Medium_Risk_Borderline
6.4,76.7,Auditory,High,63.9,44.0,No,Medium_Risk_Borderline
6.9,54.2,Visual,Medium,50.9,44.5,No,Medium_Risk_Borderline
6.9,81.1,Visual,Medium,60.0,53.2,No,Medium_Risk_Borderline
6.8,52.6,Auditory,Medium,67.7,61.0,No,Medium_Risk_Borderline
6.5,81.0,Auditory,Low,49.9,48.6,No,High_Risk_Fail
5.0,55.1,Visual,Medium,50.4,44.5,No,High_Risk_Fail
